OBJECTID,Name,Area_Code,Work_ID,zone_code,Gov,Address,Shape_Leng,حالة الحصر,المباني المنجزة,إجمالي المباني,عدد الوحدات,نسبة الإنجاز %,عدد الفرق,عدد المهندسين,آخر تحديث بواسطة,Shape_Length,Shape_Area
1,الشمال-عباد الرحمن,NJA0005,INDAS_N001,FNJA0005_E002,الشمال,المنطقة ارض الشنطي الواقعة بين دوار الصاروخ ومفترق الامن العام ومفترق برج الاندلس,1559.332032,تم الانتهاء,154,173,800,89,1,,جنين  ريان,1559.332032,135026.2558
2,غزة-الشيخ رضوان,GGA0009,INDAS_G002,FGGA0009_E002,غزة,المنطقة بين الشارع الاول والتاني ويمتد من مفترق الشيخ رضوان مع الجلاء وصولا لشارع النصر بين مفترق بهلول ومفترق النادي الاهلي,1605.609734,تم الانتهاء,160,178,1383,97,,,سامر وهبة,1605.609734,129316.5461
3,غزة-الرمال الشمالي-مربع فلسطين,GGA0008,INDAS_G003,FGGA0008_E009,غزة,المنطقة بين شارع الجلاء مفترق الغفري الى محطة البربري وبين شارع النصر من مسجد الحبيب محمد الى محلات البسمة,1922.723426,تم الانتهاء,222,254,664,92,,,سامر وهبة,1922.723426,211028.0631
5,دير البلح-قصر أبو سليم,MDB0003,INDAS_M013,FMDB0003_E001,الوسطى,من شارع الحكر من جامع الفرقان الى ابو هولي,3792.856024,تم الانتهاء,279,279,446,100,,,فاطمة جبر,3792.856024,660940.28
9,غزة-تل الهوى-المستشفى الأردني,GGA0007,INDAS_G005,FGGA0007_E003,غزة,المنطقة بين شارع الصناعة مطعم الأصيل الى شارع المغربي  وصولا الى برشلونة,2006.25314,تم الانتهاء,169,176,822,96,,,سامر وهبة,2006.25314,169534.6813
10,غزة-الرمال الجنوبي-ابو الكاس,GGA0006,INDAS_G004,FGGA0006_E002,غزة,المنطقة بين بداية شارع الشهداء  الى (اصدقاء المريض) وشارع جمال عبد الناصر من مفترق الطيران الى مفترق الجامعة الاسلامية,1137.989427,تم الانتهاء,75,76,461,99,,,سامر وهبة,1137.989427,83595.05046
11,غزة-منطقة الشفاء,GGA0008,INDAS_G001,FGGA0008_E006,غزة,المنطقة محيط مجمع الشفاء,1173.90046,تم الانتهاء,,,11,,,,,1173.90046,78132.91419
53,غزة-الشهداء,GGA0008,INDAS_G024,FGGA0008_E015,غزة, ,2226.725095,تم الانتهاء,128,134,518,90,,,سامر وهبة,2226.725095,299553.1233
105,الشمال- مربع الصفطاوي,NJA0005,INDAS_N006,FNJA0005_E016,الشمال, ,1033.583629,تم الانتهاء,39,46,225,85,1,,جنين  ريان,1033.583629,62276.46355
107,الشمال- مربع الصفطاوي,NJA0005,INDAS_N006,FNJA0005_E018,الشمال, ,1064.68781,تم الانتهاء,27,29,133,93,,,جنين  ريان,1064.68781,62506.68158
110,الشمال-عباد الرحمن,NJA0005,INDAS_N001,FNJA0005_E006,الشمال,المنطقة ارض الشنطي الواقعة بين دوار الصاروخ ومفترق الامن العام ومفترق برج الاندلس,1981.127332,تم الانتهاء,93,96,442,97,1,,جنين  ريان,1981.127332,196271.2804
112,الشمال-عباد الرحمن,NJA0005,INDAS_N001,FNJA0005_E005,الشمال,المنطقة ارض الشنطي الواقعة بين دوار الصاروخ ومفترق الامن العام ومفترق برج الاندلس,1510.013129,تم الانتهاء,147,147,914,100,,,جنين  ريان,1510.013129,123341.4346
113,الشمال-عباد الرحمن,NJA0005,INDAS_N001,FNJA0005_E003,الشمال,المنطقة ارض الشنطي الواقعة بين دوار الصاروخ ومفترق الامن العام ومفترق برج الاندلس,1263.721085,تم الانتهاء,133,133,838,100,,,جنين  ريان,1263.721085,87667.71297
115,غزة-الشيخ رضوان,GGA0009,INDAS_G002,FGGA0009_E001,غزة,المنطقة بين الشارع الاول والتاني ويمتد من مفترق الشيخ رضوان مع الجلاء وصولا لشارع النصر بين مفترق بهلول ومفترق النادي الاهلي,1412.411355,تم الانتهاء,161,179,1242,92,0,,سامر وهبة,1412.411354,96848.97102
116,غزة-الشيخ رضوان,GGA0009,INDAS_G002,FGGA0009_E003,غزة,المنطقة بين الشارع الاول والتاني ويمتد من مفترق الشيخ رضوان مع الجلاء وصولا لشارع النصر بين مفترق بهلول ومفترق النادي الاهلي,1247.211615,تم الانتهاء,162,171,1197,95,,,سامر وهبة,1247.211615,81463.38654
137,غزة-الرمال الشمالي-مربع فلسطين,GGA0008,INDAS_G003,FGGA0008_E007,غزة,المنطقة بين شارع الجلاء مفترق الغفري الى محطة البربري وبين شارع النصر من مسجد الحبيب محمد الى محلات البسمة,1711.882438,تم الانتهاء,209,224,1138,93,,,سامر وهبة,1711.882438,173286.5106
166,غزة-تل الهوى-المستشفى الأردني,GGA0007,INDAS_G005,FGGA0007_E002,غزة,المنطقة بين شارع الصناعة مطعم الأصيل الى شارع المغربي  وصولا الى برشلونة,2111.887207,تم الانتهاء,160,168,736,95,1,,سامر وهبة,2111.887207,166045.1182
169,غزة-مربع مسجد السلام وأرض الريس,GGA0006,INDAS_G034,FGGA0006_E020,غزة, ,1469.100183,تم الانتهاء,103,107,576,96,,,سامر وهبة,1469.100183,111807.2346
192,غزة-منطقة الشفاء,GGA0008,INDAS_G001,FGGA0008_E001,غزة,المنطقة محيط مجمع الشفاء,1263.683675,تم الانتهاء,141,141,699,100,,,سامر وهبة,1263.683675,88911.80353
193,غزة-منطقة الشفاء,GGA0008,INDAS_G001,FGGA0008_E004,غزة,المنطقة محيط مجمع الشفاء,1459.283128,تم الانتهاء,69,71,393,97,,,سامر وهبة,1459.283128,117838.7043
194,غزة-منطقة الشفاء,GGA0008,INDAS_G001,FGGA0008_E005,غزة,المنطقة محيط مجمع الشفاء,845.4398042,تم الانتهاء,76,76,637,99.98,,,سامر وهبة,845.4398042,44990.79538
195,غزة-منطقة الشفاء,GGA0008,INDAS_G001,FGGA0008_E003,غزة,المنطقة محيط مجمع الشفاء,1450.424088,تم الانتهاء,82,82,485,100,,,سامر وهبة,1450.424088,109178.5966
196,غزة-منطقة الشفاء,GGA0008,INDAS_G001,FGGA0008_E002,غزة,المنطقة محيط مجمع الشفاء,1136.607748,تم الانتهاء,105,105,608,100,,,سامر وهبة,1136.607748,74789.01249
197,غزة-الرمال الجنوبي-ابو الكاس,GGA0006,INDAS_G004,FGGA0006_E004,غزة,المنطقة بين بداية شارع الشهداء  الى (اصدقاء المريض) وشارع جمال عبد الناصر من مفترق الطيران الى مفترق الجامعة الاسلامية,1187.669286,تم الانتهاء,89,89,613,100,,,سامر وهبة,1187.669286,78603.51389
198,غزة-الرمال الجنوبي-ابو الكاس,GGA0006,INDAS_G004,FGGA0006_E001,غزة,المنطقة بين بداية شارع الشهداء  الى (اصدقاء المريض) وشارع جمال عبد الناصر من مفترق الطيران الى مفترق الجامعة الاسلامية,1140.218559,تم الانتهاء,77,85,383,91,,,سامر وهبة,1140.218559,73784.5101
199,غزة-الرمال الجنوبي-ابو الكاس,GGA0006,INDAS_G004,FGGA0006_E003,غزة,المنطقة بين بداية شارع الشهداء  الى (اصدقاء المريض) وشارع جمال عبد الناصر من مفترق الطيران الى مفترق الجامعة الاسلامية,1251.676156,تم الانتهاء,84,85,500,99,,,سامر وهبة,1251.676156,77183.15307
216,الوسطى--النصيرات-أرض المفتي,MNU0002,INDAS_M001,FMNU0002_E004,الوسطى,منطقة مربع المفتي والمخيم الجديد وارض ابو مهادي,1734.998315,تم الانتهاء,272,273,782,100,,,فاطمة جبر,1734.998315,137427.3766
227,دير البلح-قصر أبو سليم,MDB0003,INDAS_M013,FMDB0003_E002,الوسطى,من شارع الحكر من جامع الفرقان الى ابو هولي,3111.58591,تم الانتهاء,252,275,519,92,,,فاطمة جبر,3111.58591,413786.216
248,خانيونس-حي الأمل,KKY0006,INDAS_K001,FKKY0006_E001,خانيونس,منطقة العرايشية-جنوب بركة المشروع  وفي الشرق من الاتحدا النسائي الى مسجد حسن البنا,1562.390849,تم الانتهاء,180,184,616,98,,,أفنان  أبو جزر,1562.390849,89708.05033
4,الوسطى--النصيرات-أرض المفتي,MNU0002,INDAS_M001,FMNU0002_E002,الوسطى,منطقة مربع المفتي والمخيم الجديد وارض ابو مهادي,1741.986436,قيد الحصر,146,245,399,60,1,2,فاطمة جبر,1741.986436,129559.981
6,خانيونس-حي الأمل,KKY0006,INDAS_K001,FKKY0006_E003,خانيونس,منطقة العرايشية-جنوب بركة المشروع  وفي الشرق من الاتحدا النسائي الى مسجد حسن البنا,1183.369059,قيد الحصر,59,165,341,36,1,2,أفنان  أبو جزر,1183.369059,75936.71433
7,خانيونس-البلد,KKY0006,INDAS_K002,FKKY0006_E004,خانيونس,حانيونس البلد المنطقة الواقعة جنوب شارع البحر وشرق منتزة البلدية,1272.74449,قيد الحصر,155,244,591,64,,,,1272.74449,91480.30453
12,غزة-مربع ملعب فلسطين ومربع برج الشوا والحصري,GGA0008,INDAS_G026,FGGA0008_E011,غزة, ,2462.813768,قيد الحصر,31,245,1263,13,2,5,سناء ريان,2462.813768,304666.7784
13,مربع أبراج الكرامة ومربع مسجد عيسى مراد,NJA0005,INDAS_N004,FNJA0005_E007,الشمال, ,1756.650484,قيد الحصر,,,406,,1,2,جنين  ريان,1756.650484,188125.19
16,الشمال- مربع الصفطاوي,NJA0005,INDAS_N006,FNJA0005_E009,الشمال, ,1089.525488,قيد الحصر,5,30,142,,1,2,جنين  ريان,1089.525488,64529.7823
36,غزة-مربع أبو علبة ومسجد اليرموك,GGA0005,INDAS_G052,FGGA0005_E005,غزة, ,1446.496577,قيد الحصر,26,233,639,11,1,2,سامر وهبة,1446.496577,125749.545
37,غزة-مربع مقبرة الشيخ رضوان وبرج الايطالي,GGA0009,INDAS_G053,FGGA0009_E004,غزة, ,2220.290846,قيد الحصر,36,295,691,12,1,3,سامر وهبة,2220.290846,307261.2187
38,غزة-مربع الجامعات ومربع الاذاعة والتلفزيون القديم,GGA0007,INDAS_G033,FGGA0007_E004,غزة, ,2324.24935,قيد الحصر,74,113,560,65,1,2,سناء ريان,2324.24935,318895.3485
41,غزة-مربع الكتيبة,GGA0007,INDAS_G032,FGGA0007_E005,غزة, ,2475.6888,قيد الحصر,62,109,470,57,1,3,سناء ريان,2475.6888,305389.7927
42,غزة-المنطقة التي تجمع بين مربع الجسر -عيادة وكالة الشيخ رضوان - مربع القسطل-مربع مسجد حطين,GGA0009,INDAS_G013,FGGA0009_E006,غزة, ,2011.245914,قيد الحصر,45,345,1108,13,,,,2011.245914,241411.9032
44,غزة-مربع مسجد الفلاح,GGA0007,INDAS_G041,FGGA0007_E007,غزة, ,2000.040233,قيد الحصر,74,198,662,37,1,2,سناء ريان,2000.040233,219163.9094
52,غزة-مربع الخدمة العامة والقصاصين,GGA0006,INDAS_G028,FGGA0006_E008,غزة, ,2041.685354,قيد الحصر,95,268,843,35,1,3,سناء ريان,2041.685354,242679.1817
56,الوسطى-النصيرات-مخيم النصيرات,MNU0002,INDAS_M005,FMNU0002_E006,الوسطى, ,3402.933741,قيد الحصر,73,471,948,15,1,2,فاطمة جبر,3402.933741,389483.342
59,الوسطى-النصيرات-المنطقة الواقعة من أرض المصنع الى أبراج عين جالوت,MNU0002,INDAS_M009,FMNU0002_E009,الوسطى, ,2595.012998,قيد الحصر,63,296,612,21,1,,فاطمة جبر,2595.012998,380998.9455
61,الوسطى-النصيرات-مربع أرض أبو شمالة ومركز رعاية النصيرات,MNU0002,INDAS_M003,FMNU0002_E011,الوسطى, ,3021.437426,قيد الحصر,,,117,,,,فاطمة جبر,3021.437426,589550.9369
72,خانيونس-المنطقة الواقعة بين مربع حارة المجايدة وحسني ومربع السيقلي والقسام,KKY0006,INDAS_K019,FKKY0006_E009,خانيونس, ,2264.376831,قيد الحصر,52,381,986,14,,,,2264.376831,187620.4438
78,خانيونس-مربع المشروع الهولندي والاماراتي1,KKY0007,INDAS_K010,FKKY0007_E002,خانيونس, ,1487.134562,قيد الحصر,,181,347,,1,2,أفنان  أبو جزر,1487.134562,120993.9617
79,خانيونس-المنطقة الواقعة بين كلية تدريب خانيونس والحي الياباني وحس البراق والاماراتي2,KKY0007,INDAS_K009,FKKY0007_E003,خانيونس, ,3047.615906,قيد الحصر,,,637,,1,2,أفنان  أبو جزر,3047.615906,353572.1728
80,خانيونس-مربع مستشفى ناصر وأبراج النمساوي ومربع حارة المجادلة,KKY0007,INDAS_K021,FKKY0007_E004,خانيونس, ,3355.344278,قيد الحصر,81,512,653,16,,,,3355.344278,338140.2127
89,غزة-الرمال الجنوبي,GGA0008,INDAS_G023,FGGA0008_E017,غزة, ,2561.732814,قيد الحصر,3,150,585,2,1,2,سناء ريان,2561.732814,288800.5535
92,غزة-مربع مسجد السلام وأرض الريس,GGA0006,INDAS_G034,FGGA0006_E010,غزة, ,1572.768402,قيد الحصر,49,162,476,30,1,2,سناء ريان,1572.768402,150999.147
93,خانيونس-مربع مدينة حمد,KQA0001,INDAS_K006,FKQA0001_E003,خانيونس, ,3139.234042,قيد الحصر,103,121,2324,85,,,,3139.234042,376383.0371
106,الشمال- مربع الصفطاوي,NJA0005,INDAS_N006,FNJA0005_E017,الشمال, ,992.4115211,قيد الحصر,4,159,424,,1,2,جنين  ريان,992.4115211,52330.62758
108,الشمال-عباد الرحمن-مربع مدرسة أسامة بن زيد,NJA0005,INDAS_N005,FNJA0005_E019,الشمال, ,1055.514256,قيد الحصر,,,239,,1,2,جنين  ريان,1055.514256,59988.09301
111,الشمال-عباد الرحمن,NJA0005,INDAS_N001,FNJA0005_E001,الشمال,المنطقة ارض الشنطي الواقعة بين دوار الصاروخ ومفترق الامن العام ومفترق برج الاندلس,1877.763814,قيد الحصر,145,192,394,76,1,2,جنين  ريان,1877.763814,156127.8774
114,الشمال-عباد الرحمن,NJA0005,INDAS_N001,FNJA0005_E004,الشمال,المنطقة ارض الشنطي الواقعة بين دوار الصاروخ ومفترق الامن العام ومفترق برج الاندلس,1390.137806,قيد الحصر,97,123,418,79,1,2,جنين  ريان,1390.137806,106338.8943
119,غزة-المنطقة التي تجمع بين مربع الجسر -عيادة وكالة الشيخ رضوان - مربع القسطل-مربع مسجد حطين,GGA0009,INDAS_G013,FGGA0009_E012,غزة, ,1482.311075,قيد الحصر,,,565,,,,سامر وهبة,1482.311075,137320.6285
120,غزة-المنطقة التي تجمع بين مربع الجسر -عيادة وكالة الشيخ رضوان - مربع القسطل-مربع مسجد حطين,GGA0009,INDAS_G013,FGGA0009_E013,غزة, ,1625.617303,قيد الحصر,,,729,,1,2,سامر وهبة,1625.617303,163424.5312
121,غزة-المنطقة التي تجمع بين مربع الجسر -عيادة وكالة الشيخ رضوان - مربع القسطل-مربع مسجد حطين,GGA0009,INDAS_G013,FGGA0009_E014,غزة, ,1240.475179,قيد الحصر,28,177,828,16,1,2,سامر وهبة,1240.475179,91459.18143
122,غزة-مربع أبو علبة ومسجد اليرموك,GGA0005,INDAS_G052,FGGA0005_E006,غزة, ,1364.719194,قيد الحصر,51,226,661,23,1,3,سامر وهبة,1364.719194,107551.4476
134,غزة-مربع ملعب فلسطين ومربع برج الشوا والحصري,GGA0008,INDAS_G026,FGGA0008_E018,غزة, ,2247.666138,قيد الحصر,,,265,,,,سامر وهبة,2247.666138,214028.8636
135,غزة-الرمال الشمالي-مربع فلسطين,GGA0008,INDAS_G003,FGGA0008_E008,غزة,المنطقة بين شارع الجلاء مفترق الغفري الى محطة البربري وبين شارع النصر من مسجد الحبيب محمد الى محلات البسمة,1723.580578,قيد الحصر,88,216,583,41,1,2,سامر وهبة,1723.580578,176276.1767
136,غزة-الرمال الشمالي-مربع فلسطين,GGA0008,INDAS_G003,FGGA0008_E010,غزة,المنطقة بين شارع الجلاء مفترق الغفري الى محطة البربري وبين شارع النصر من مسجد الحبيب محمد الى محلات البسمة,1917.888453,قيد الحصر,,,26,,1,2,سامر وهبة,1917.888453,208760.3271
165,غزة-تل الهوى-المستشفى الأردني,GGA0007,INDAS_G005,FGGA0007_E001,غزة,المنطقة بين شارع الصناعة مطعم الأصيل الى شارع المغربي  وصولا الى برشلونة,2184.506808,قيد الحصر,92,143,278,64,1,3,سناء ريان,2184.506808,205024.7959
167,غزة-مربع مسجد السلام وأرض الريس,GGA0006,INDAS_G034,FGGA0006_E018,غزة, ,1793.757718,قيد الحصر,98,139,509,71,1,2,سناء ريان,1793.757718,133432.209
168,غزة-مربع مسجد السلام وأرض الريس,GGA0006,INDAS_G034,FGGA0006_E019,غزة, ,1130.733726,قيد الحصر,54,138,396,39,1,2,سناء ريان,1130.733726,85477.67028
173,غزة-مربع مسجد الفلاح,GGA0007,INDAS_G041,FGGA0007_E015,غزة, ,2196.458929,قيد الحصر,54,169,696,32,1,4,سناء ريان,2196.458929,184710.0667
176,غزة-مربع الكتيبة,GGA0007,INDAS_G032,FGGA0007_E018,غزة, ,2376.062303,قيد الحصر,59,173,896,34,1,2,سناء ريان,2376.062303,276980.5486
177,غزة-مربع الجامعات ومربع الاذاعة والتلفزيون القديم,GGA0007,INDAS_G033,FGGA0007_E019,غزة, ,1924.048936,قيد الحصر,131,193,585,68,1,3,سناء ريان,1924.048936,221580.7075
179,غزة-الشهداء,GGA0008,INDAS_G024,FGGA0008_E019,غزة, ,1889.144277,قيد الحصر,64,140,410,46,1,2,سناء ريان,1889.144277,190883.8625
180,غزة-الرمال الجنوبي,GGA0008,INDAS_G023,FGGA0008_E020,غزة, ,2445.0868,قيد الحصر,30,129,640,23,1,2,سناء ريان,2445.0868,184596.7208
203,الوسطى-النصيرات-مربع أرض أبو شمالة ومركز رعاية النصيرات,MNU0002,INDAS_M003,FMNU0002_E013,الوسطى, ,3708.892242,قيد الحصر,,,632,,,,فاطمة جبر,3708.892242,421287.2132
213,الوسطى-النصيرات-مربع أرض الدعوة و المحكمة الشرعية,MNU0002,INDAS_M004,FMNU0002_E023,الوسطى, ,2142.552389,قيد الحصر,0,358,807,,1,2,فاطمة جبر,2142.552389,141649.4149
214,الوسطى-النصيرات-مربع أرض الدعوة و المحكمة الشرعية,MNU0002,INDAS_M004,FMNU0002_E024,الوسطى, ,3795.857727,قيد الحصر,,,480,,1,2,فاطمة جبر,3795.857727,734932.0382
217,الوسطى--النصيرات-أرض المفتي,MNU0002,INDAS_M001,FMNU0002_E001,الوسطى,منطقة مربع المفتي والمخيم الجديد وارض ابو مهادي,1939.012122,قيد الحصر,131,182,434,72,1,2,فاطمة جبر,1939.012122,169568.7589
218,الوسطى--النصيرات-أرض المفتي,MNU0002,INDAS_M001,FMNU0002_E003,الوسطى,منطقة مربع المفتي والمخيم الجديد وارض ابو مهادي,1671.399238,قيد الحصر,242,356,524,68,1,2,فاطمة جبر,1671.399238,113538.8504
231,خانيونس-المعسكر-مربع كراج رفح البطن السمين ومربع صالة روان للأفراح,KKY0006,INDAS_K022,FKKY0006_E017,خانيونس, ,1801.411665,قيد الحصر,,353,852,,1,2,أفنان  أبو جزر,1801.411665,127965.3481
233,خانيونس-البلد,KKY0006,INDAS_K002,FKKY0006_E006,خانيونس,حانيونس البلد المنطقة الواقعة جنوب شارع البحر وشرق منتزة البلدية,1182.545447,قيد الحصر,95,169,488,56,,,,1182.545447,74859.79016
234,خانيونس-البلد,KKY0006,INDAS_K002,FKKY0006_E005,خانيونس,حانيونس البلد المنطقة الواقعة جنوب شارع البحر وشرق منتزة البلدية,1109.642946,قيد الحصر,,,415,,1,2,أفنان  أبو جزر,1109.642946,63927.19264
249,خانيونس-حي الأمل,KKY0006,INDAS_K001,FKKY0006_E002,خانيونس,منطقة العرايشية-جنوب بركة المشروع  وفي الشرق من الاتحدا النسائي الى مسجد حسن البنا,1071.564521,قيد الحصر,,,370,,1,,أفنان  أبو جزر,1071.564521,64641.07154
258,غزة-مربع مقبرة الشيخ رضوان وبرج الايطالي,GGA0009,INDAS_G053,FGGA0009_E016,غزة, ,1953.589662,قيد الحصر,13,221,775,6,1,3,سامر وهبة,1953.589662,232457.6558
259,غزة-المنطقة التي تجمع بين مربع الجسر -عيادة وكالة الشيخ رضوان - مربع القسطل-مربع مسجد حطين,GGA0009,INDAS_G013,FGGA0009_E017,غزة, ,1097.466501,قيد الحصر,38,162,681,23,1,3,سامر وهبة,1097.466501,68581.07573
262,الوسطى-النصيرات-مخيم النصيرات,MNU0002,INDAS_M005,FMNU0002_E026,الوسطى, ,1667.737549,قيد الحصر,67,246,550,27,1,,فاطمة جبر,1667.737549,98571.09481
8,غزة-مدينة الزهراء,GZA0004,INDAS_G006,FGZA0004_E002,غزة,المنطقة بين قصر العدل ومجمع السلامة الطبي  الى شارع الرشيد,7370.427121,مناطق حصر جديدة,,246,213,,,,,7370.427121,2954041.801
14,الشمال-الكرامة,NJA0005,INDAS_N002,FNJA0005_E008,الشمال,مربع ليالينا ومربع مبنى السفينة,3430.973787,مناطق حصر جديدة,7,246,516,,,,,3430.973787,638726.9868
15,غزة-مربع مسجد الكنز,GGA0008,INDAS_G025,FGGA0008_E012,غزة, ,1809.126368,مناطق حصر جديدة,,167,782,,,,,1809.126368,203366.7303
17,غزة-مربع الميناء,GGA0008,INDAS_G022,FGGA0008_E013,غزة, ,1958.56378,مناطق حصر جديدة,,207,847,,,,,1958.56378,145144.5963
18,الشمال-عباد الرحمن-مربع مدرسة أسامة بن زيد,NJA0005,INDAS_N005,FNJA0005_E010,الشمال, ,1753.537494,مناطق حصر جديدة,1,149,313,,,,,1753.537494,105432.4069
19,مربع مدرسة عوني الحرثاني و مصنع أبو حمرة,NJA0005,INDAS_N003,FNJA0005_E011,الشمال, ,2480.316386,مناطق حصر جديدة,10,122,351,,,,,2480.316386,229708.9075
20,غزة-المنطقة الواقعة بين مربع مسجد الشمعة ومربع كشكو,GGA0002,INDAS_G039,FGGA0002_E001,غزة, ,2359.681292,مناطق حصر جديدة,98,319,785,,,,,2359.681292,192216.3992
21,غزة-مربع البرهام,GGA0002,INDAS_G038,FGGA0002_E002,غزة, ,1803.372757,مناطق حصر جديدة,98,239,517,,,,,1803.372757,193489.8812
22,غزة-مربع مدرسة موسى بن نصير,GGA0005,INDAS_G050,FGGA0005_E001,غزة, ,1553.47529,مناطق حصر جديدة,75,176,466,,,,,1553.47529,111690.7716
23,غزة-مربع عايدية ومربع كرم مصلحة,GGA0008,INDAS_G019,FGGA0008_E014,غزة, ,2743.807961,مناطق حصر جديدة,103,254,647,,,,,2743.807961,233474.9088
24,غزة-مربع فهمي الجرجاوي والفواخير,GGA0006,INDAS_G029,FGGA0006_E005,غزة, ,2488.231235,مناطق حصر جديدة,74,277,671,,,,,2488.231235,220314.6031
25,غزة-مربع سوق فراس ومستشفى المعمداني,GGA0002,INDAS_G030,FGGA0002_E003,غزة, ,2817.67344,مناطق حصر جديدة,54,278,556,,,,,2817.67344,266189.2296
26,غزة-مربع عسقولة,GGA0002,INDAS_G037,FGGA0002_E004,غزة, ,1745.109166,مناطق حصر جديدة,,157,374,,,,,1745.109166,105431.4694
27,غزة-مربع مسجد التوحيد والسنة ومجمع الصحابة الطبي,GGA0006,INDAS_G051,FGGA0006_E006,غزة, ,3350.641358,مناطق حصر جديدة,,630,1543,,,,,3350.641358,335702.4046
28,غزة-مربع النديم,GGA0002,INDAS_G044,FGGA0002_E005,غزة, ,2364.912468,مناطق حصر جديدة,36,284,520,,,,,2364.912468,249705.6643
29,غزة-الزيتون-مربع مسجد علي بن ابي طالب ومنطقة السموني,GZA0004,INDAS_G047,FGZA0004_E003,غزة, ,2449.968615,مناطق حصر جديدة,13,310,451,,,,,2449.968615,360483.3566
30,غزة-مربع الزهارنة ومربع المشاهرة,GGA0005,INDAS_G020,FGGA0005_E002,غزة, ,3460.369223,مناطق حصر جديدة,,517,1157,,,,,3460.369223,371990.4928
31,غزة-مربع عمو عماد ومربع مركز صحي الصبرة,GGA0002,INDAS_G036,FGGA0002_E006,غزة, ,1639.570725,مناطق حصر جديدة,,170,269,,,,,1639.570725,152780.753
32,غزة-مربع نادي الهلال الرياضي,GGA0005,INDAS_G015,FGGA0005_E003,غزة, ,2127.471901,مناطق حصر جديدة,,343,529,,,,,2127.471901,261511.2564
33,غزة-مربع عبدالله عزام وبيارة الدهشان,GGA0006,INDAS_G035,FGGA0006_E007,غزة, ,1369.644056,مناطق حصر جديدة,31,209,612,,,,,1369.644056,107902.4501
34,غزة-مربع عزبة عبد العال,GGA0005,INDAS_G014,FGGA0005_E004,غزة, ,2116.121342,مناطق حصر جديدة,,274,542,,,,,2116.121342,191375.3803
35,غزة-مربع المجمع الاسلامي,GGA0002,INDAS_G043,FGGA0002_E007,غزة, ,4329.479691,مناطق حصر جديدة,,613,970,,,,,4329.479691,657162.416
39,غزة-شرق مخيم الشاطئ,GGA0010,INDAS_G018,FGGA0010_E001,غزة, ,1501.721793,مناطق حصر جديدة,69,483,1145,,,,,1501.721793,139861.1868
40,غزة-مربع أبو الأمين وأبو اسكندر,GGA0009,INDAS_G010,FGGA0009_E005,غزة, ,1922.920362,مناطق حصر جديدة,82,333,1244,,,,,1922.920362,166724.046
43,غزة-مربع أبراج تل الهوى,GGA0007,INDAS_G042,FGGA0007_E006,غزة, ,1913.523217,مناطق حصر جديدة,,113,778,,,,,1913.523217,204781.6054
45,غزة-مربع الشيخ رضوان_الشارع الثاني,GGA0009,INDAS_G009,FGGA0009_E007,غزة, ,2942.347917,مناطق حصر جديدة,,605,2151,,,,,2942.347917,336280.1422
46,غزة-الزيتون مربع الدحدوح والقرية البدوية,GZA0004,INDAS_G046,FGZA0004_E004,غزة, ,4762.512764,مناطق حصر جديدة,,290,309,,,,,4762.512764,629598.5795
47,غزة-مربع شملخ ومسجد مصعب بن عمير,GZA0004,INDAS_G045,FGZA0004_E005,غزة, ,3315.123314,مناطق حصر جديدة,,269,634,,,,,3315.123314,386523.8817
48,غزة-مربع مستشفى العيون ومدرسة النصر,GGA0009,INDAS_G012,FGGA0009_E008,غزة, ,1476.133199,مناطق حصر جديدة,,327,588,,,,,1476.133199,134246.085
49,غزة-مربع أبراج المقوسي وأبراج المخابرات,GGA0009,INDAS_G008,FGGA0009_E009,غزة, ,2256.829653,مناطق حصر جديدة,,160,686,,,,,2256.829653,282848.6915
50,غزة-المغراقة,GZA0004,INDAS_G048,FGZA0004_E006,غزة, ,5193.487939,مناطق حصر جديدة,,365,270,,,,,5193.487939,1089872.204
51,غزة-منطقة أبو مدين ومنطقة عزبة الحمامية,GZA0004,INDAS_G049,FGZA0004_E007,غزة, ,6070.197583,مناطق حصر جديدة,,116,74,,,,,6070.197583,1637488.884
54,الوسطى-النصيرات-مربع أرض الدعوة و المحكمة الشرعية,MNU0002,INDAS_M004,FMNU0002_E005,الوسطى, ,6398.219064,مناطق حصر جديدة,0,254,159,,,,,6398.219064,1881579.494
55,غزة-مربع مكتبة البلدية العامة ومربع أبو خضرة,GGA0006,INDAS_G027,FGGA0006_E009,غزة, ,2456.782586,مناطق حصر جديدة,39,393,820,,,,,2456.782586,349709.3832
57,الوسطى-النصيرات-مربع أراضي (مطر والحرثاني وأبو عريبان),MNU0002,INDAS_M006,FMNU0002_E007,الوسطى, ,3362.203137,مناطق حصر جديدة,0,230,414,,,,,3362.203137,436095.4553
58,الوسطى-النصيرات-مربع أرض أبو مراحيل ومخيم 1 ومربع مسجد الفرج,MNU0002,INDAS_M007,FMNU0002_E008,الوسطى, ,1826.044982,مناطق حصر جديدة,0,194,444,,,,,1826.044982,139743.8586
60, H الوسطى-النصيرات-منطقة بيارة أبو سليم الشرقية وبلوك,MNU0002,INDAS_M008,FMNU0002_E010,الوسطى, ,2127.986628,مناطق حصر جديدة,0,298,683,,,,,2127.986628,281883.1856
62,الوسطى-النصيرات-مربع أراضي (أبو غولة-أبو مهادي-اللوح-أبو زكري),MNU0002,INDAS_M002,FMNU0002_E012,الوسطى, ,6346.464229,مناطق حصر جديدة,0,435,544,,,,,6346.464229,1659865.344
63,الوسطى-دير البلح-مربع المشاعلة الغربي ومربع صالة سونستا للأفراح,MDB0003,INDAS_M010,FMDB0003_E003,الوسطى, ,3712.902007,مناطق حصر جديدة,0,302,276,,,,,3712.902007,800424.0169
64,الوسطى-دير البلح-مربع بوبع أرض القدرة وأبو هولي (الجعفراوي الغربي),MDB0003,INDAS_M014,FMDB0003_E004,الوسطى, ,4582.175769,مناطق حصر جديدة,0,230,162,,,,,4582.175769,1046714.971
65,خانيونس-مربع محطة الأغا ومربع محطة عودة,KQA0001,INDAS_K007,FKQA0001_E001,خانيونس, ,4933.612737,مناطق حصر جديدة,,592,604,,,,,4933.612737,1067809.085
66,خانيونس-مربع مدرسة عيد الأغا وصالة بانوراما ومربع مسجد العباسي,KQA0001,INDAS_K008,FKQA0001_E002,خانيونس, ,3705.119256,مناطق حصر جديدة,,301,285,,,,,3705.119256,855062.2999
67,خانيونس-مربع مسجد الكتيبة ومربع الربوات العربية,KBS0002,INDAS_K013,FKBS0002_E001,خانيونس, ,4246.764722,مناطق حصر جديدة,,,305,,,,,4246.764722,638974.5463
68,خانيونس-مربع المحطة,KBS0002,INDAS_K014,FKBS0002_E002,خانيونس, ,1917.111771,مناطق حصر جديدة,,,236,,,,,1917.111771,184500.1157
69,خانيونس-مربع مركز المدينة 1,KKY0004,INDAS_K020,FKKY0004_E001,خانيونس, ,1695.777885,مناطق حصر جديدة,,207,685,,,,,1695.777885,139066.678
70,خانيونس-مربع مركز المدينة 2 ومربع حارة الشاعر ومدرسة عبد الرحمن الأغا,KKY0004,INDAS_K023,FKKY0004_E002,خانيونس, ,2467.647566,مناطق حصر جديدة,,,974,,,,,2467.647566,295893.7657
71,خانيونس-مربع مسجد أبو بكر الصديق,KKY0006,INDAS_K012,FKKY0006_E008,خانيونس, ,2351.605502,مناطق حصر جديدة,,292,473,,,,,2351.605502,337335.956
73,خانيونس-مربع بركة حي الأمل والعرايشية مربع مسجد حسن البنا,KKY0006,INDAS_K011,FKKY0006_E010,خانيونس, ,2255.581668,مناطق حصر جديدة,,45,83,,,,,2255.581668,250540.5281
74,خانيونس-مربع شارع الترنس ومربع شارع القدرة,KKY0006,INDAS_K016,FKKY0006_E011,خانيونس, ,1346.02285,مناطق حصر جديدة,,192,600,,,,,1346.02285,91236.19035
75,خانيونس-مربع إسكان حي الأمل ومربع مدرسة هارون الرشيد الثانوية,KKY0006,INDAS_K015,FKKY0006_E012,خانيونس, ,2132.422311,مناطق حصر جديدة,,354,1318,,,,,2132.422311,218726.7567
76,خانيونس-المعسكر-مربع الهلال الأحمر ومربع المدارس,KKY0006,INDAS_K018,FKKY0006_E013,خانيونس, ,2853.155099,مناطق حصر جديدة,,,967,,,,,2853.155099,278342.1411
77,خانيونس-المعسكر-مربع عيادة وكالة الظهرة ومربع بركة,KKY0007,INDAS_K017,FKKY0007_E001,خانيونس, ,1493.367088,مناطق حصر جديدة,,413,824,,,,,1493.367088,130187.2602
81,خانيونس-المعسكر-مربع كراج رفح البطن السمين ومربع صالة روان للأفراح,KKY0006,INDAS_K022,FKKY0006_E014,خانيونس, ,2112.003389,مناطق حصر جديدة,,326,652,,,,,2112.003389,196042.5731
82,خانيونس-مربع أبراج الفرا والمنطقة المقابر,KKY0006,INDAS_K024,FKKY0006_E015,خانيونس, ,3226.392204,مناطق حصر جديدة,,259,533,,,,,3226.392204,566289.1807
83,خانيونس-المواصي-مربع محطة الأسطل للبترول,KKY0007,INDAS_K004,FKKY0007_E005,خانيونس, ,5859.471224,مناطق حصر جديدة,26,168,74,,,,,5859.471224,1595793.506
84,غزة-مربع أبراج الفيروز ومربع برج نجم,GGA0010,INDAS_G011,FGGA0010_E002,غزة, ,2096.613342,مناطق حصر جديدة,,251,830,,,,,2096.613342,215857.0333
85,غزة-الشاطئ الشمالي,GGA0010,INDAS_G007,FGGA0010_E003,غزة, ,3216.16379,مناطق حصر جديدة,,146,124,,,,,3216.16379,541285.3071
86,غزة-البلاخية,GGA0010,INDAS_G016,FGGA0010_E004,غزة, ,2485.183735,مناطق حصر جديدة,,219,606,,,,,2485.183735,172865.5942
87,غزة-مخيم الشاطئ-مربع المسجد الغربي ومسجد التوحيد,GGA0010,INDAS_G017,FGGA0010_E005,غزة, ,2153.937998,مناطق حصر جديدة,,683,1417,,,,,2153.937998,207181.2029
88,غزة-مربع أبو حصيرة,GGA0008,INDAS_G021,FGGA0008_E016,غزة, ,2592.660926,مناطق حصر جديدة,93,100,220,,,,,2592.660926,212002.2238
90,غزة-مربع أنصار وعزبة الحمامية,GGA0007,INDAS_G031,FGGA0007_E008,غزة, ,2636.077706,مناطق حصر جديدة,140,153,344,,,,,2636.077706,345864.0087
91,غزة-مربع مجلس الوزراء,GGA0007,INDAS_G040,FGGA0007_E009,غزة, ,2555.905978,مناطق حصر جديدة,,247,886,,,,,2555.905978,285292.614
94,الوسطى-دير البلح-مربع مسجد الأبرار,MDB0003,INDAS_M012,FMDB0003_E005,الوسطى, ,3985.455989,مناطق حصر جديدة,0,119,39,,,,,3985.455989,891275.0811
95,الوسطى-دير البلح-مربع أم ظهير ومسجد الرياطي,MDB0003,INDAS_M015,FMDB0003_E006,الوسطى, ,4957.866601,مناطق حصر جديدة,0,142,79,,,,,4957.866601,1392021.16
96,الوسطى-وادي السلقا-مربع الجعفراوي ومربع حارة السعايدة والشرطة,MDB0003,INDAS_M016,FMDB0003_E007,الوسطى, ,3974.751329,مناطق حصر جديدة,0,402,315,,,,,3974.751329,869468.9156
97,خانيونس-مربع إسكان الياباني,KKY0007,INDAS_K005,FKKY0007_E006,خانيونس, ,8890.118856,مناطق حصر جديدة,,185,122,,,,,8890.118856,1668736.127
98,خانيونس-البركة,KKY0007,INDAS_K003,FKKY0007_E007,خانيونس, ,5427.140556,مناطق حصر جديدة,,92,69,,,,,5427.140556,1436752.168
99,الوسطى-دير البلح-مربع المشاعلة الشرقي ومربع مسجد البركة,MDB0003,INDAS_M011,FMDB0003_E008,الوسطى, ,3242.276681,مناطق حصر جديدة,0,247,191,,,,,3242.276681,651410.3398
100,غزة-مربع جامعة القدس المفتوحة,GGA0010,INDAS_G054,FGGA0010_E006,غزة, ,2442.901283,مناطق حصر جديدة,39,285,1227,,,,,2442.901283,253882.7835
101,الشمال-الكرامة,NJA0005,INDAS_N002,FNJA0005_E012,الشمال,مربع ليالينا ومربع مبنى السفينة,2349.636943,مناطق حصر جديدة,,,603,,,,,2349.636943,274689.5518
102,مربع مدرسة عوني الحرثاني و مصنع أبو حمرة,NJA0005,INDAS_N003,FNJA0005_E013,الشمال, ,1731.608834,مناطق حصر جديدة,33,164,564,,,,,1731.608834,107500.7841
103,مربع مدرسة عوني الحرثاني و مصنع أبو حمرة,NJA0005,INDAS_N003,FNJA0005_E014,الشمال, ,1746.081659,مناطق حصر جديدة,9,123,339,,,,جنين  ريان,1746.081659,153140.0419
104,مربع أبراج الكرامة ومربع مسجد عيسى مراد,NJA0005,INDAS_N004,FNJA0005_E015,الشمال, ,1976.735935,مناطق حصر جديدة,27,161,828,,,,,1976.735935,170269.7056
109,الشمال-عباد الرحمن-مربع مدرسة أسامة بن زيد,NJA0005,INDAS_N005,FNJA0005_E020,الشمال, ,1589.941704,مناطق حصر جديدة,3,173,259,,,,,1589.941704,74855.90763
117,غزة-مربع مستشفى العيون ومدرسة النصر,GGA0009,INDAS_G012,FGGA0009_E010,غزة, ,1358.049522,مناطق حصر جديدة,146,151,526,,,,,1358.049522,107135.0565
118,غزة-مربع مستشفى العيون ومدرسة النصر,GGA0009,INDAS_G012,FGGA0009_E011,غزة, ,1317.280179,مناطق حصر جديدة,0,123,216,,,,,1317.280179,101279.7137
123,غزة-مربع عزبة عبد العال,GGA0005,INDAS_G014,FGGA0005_E007,غزة, ,1495.571036,مناطق حصر جديدة,62,183,525,,,,,1495.571036,119107.773
124,غزة-مربع نادي الهلال الرياضي,GGA0005,INDAS_G015,FGGA0005_E008,غزة, ,1812.798673,مناطق حصر جديدة,,283,769,,,,,1812.798673,148936.0805
125,غزة-مربع الزهارنة ومربع المشاهرة,GGA0005,INDAS_G020,FGGA0005_E009,غزة, ,2227.091386,مناطق حصر جديدة,,356,620,,,,,2227.091386,277739.0354
126,غزة-مربع مدرسة موسى بن نصير,GGA0005,INDAS_G050,FGGA0005_E010,غزة, ,1653.239426,مناطق حصر جديدة,,209,450,,,,,1653.239426,138925.8024
127,غزة-مربع مدرسة موسى بن نصير,GGA0005,INDAS_G050,FGGA0005_E011,غزة, ,1081.873492,مناطق حصر جديدة,,62,177,,,,,1081.873492,51010.68839
128,غزة-مربع مدرسة موسى بن نصير,GGA0005,INDAS_G050,FGGA0005_E012,غزة, ,979.5466293,مناطق حصر جديدة,,96,354,,,,,979.5466293,54735.75914
129,غزة-مربع فهمي الجرجاوي والفواخير,GGA0006,INDAS_G029,FGGA0006_E011,غزة, ,921.8823239,مناطق حصر جديدة,,132,302,,,,,921.8823239,43729.05297
130,غزة-مربع فهمي الجرجاوي والفواخير,GGA0006,INDAS_G029,FGGA0006_E012,غزة, ,1750.40738,مناطق حصر جديدة,,275,822,,,,,1750.40738,157918.9488
131,غزة-مربع فهمي الجرجاوي والفواخير,GGA0006,INDAS_G029,FGGA0006_E013,غزة, ,1692.111735,مناطق حصر جديدة,,168,621,,,,,1692.111735,156505.2674
132,غزة-مربع مكتبة البلدية العامة ومربع أبو خضرة,GGA0006,INDAS_G027,FGGA0006_E014,غزة, ,2950.479367,مناطق حصر جديدة,,292,1578,,,,,2950.479367,341044.3791
133,غزة-مربع مكتبة البلدية العامة ومربع أبو خضرة,GGA0006,INDAS_G027,FGGA0006_E015,غزة, ,2429.169085,مناطق حصر جديدة,,298,618,,,,,2429.169085,278489.7541
138,غزة-مربع أبراج المقوسي وأبراج المخابرات,GGA0009,INDAS_G008,FGGA0009_E015,غزة, ,2119.619984,مناطق حصر جديدة,,337,948,,,,,2119.619984,244741.7094
139,غزة-مربع أبراج الفيروز ومربع برج نجم,GGA0010,INDAS_G011,FGGA0010_E007,غزة, ,1788.042925,مناطق حصر جديدة,,196,803,,,,,1788.042925,176798.9454
140,غزة-مربع أبراج الفيروز ومربع برج نجم,GGA0010,INDAS_G011,FGGA0010_E008,غزة, ,1735.932883,مناطق حصر جديدة,,185,928,,,,,1735.932883,159406.7011
141,غزة-مربع أبراج الفيروز ومربع برج نجم,GGA0010,INDAS_G011,FGGA0010_E009,غزة, ,1928.596916,مناطق حصر جديدة,,183,858,,,,,1928.596916,172827.6961
142,غزة-مربع جامعة القدس المفتوحة,GGA0010,INDAS_G054,FGGA0010_E010,غزة, ,2420.982868,مناطق حصر جديدة,,242,746,,,,,2420.982868,190490.2071
143,غزة-الزيتون-مربع مسجد علي بن ابي طالب ومنطقة السموني,GZA0004,INDAS_G047,FGZA0004_E008,غزة, ,2849.764232,مناطق حصر جديدة,,84,83,,,,,2849.764232,295748.1857
144,غزة-الزيتون-مربع مسجد علي بن ابي طالب ومنطقة السموني,GZA0004,INDAS_G047,FGZA0004_E009,غزة, ,2194.512236,مناطق حصر جديدة,,243,430,,,,,2194.512236,219048.0685
145,غزة-الزيتون-مربع مسجد علي بن ابي طالب ومنطقة السموني,GZA0004,INDAS_G047,FGZA0004_E010,غزة, ,2783.193128,مناطق حصر جديدة,,170,125,,,,,2783.193128,352941.4104
146,غزة-مربع النديم,GGA0002,INDAS_G044,FGGA0002_E008,غزة, ,2412.931025,مناطق حصر جديدة,272,318,663,,,,,2412.931025,274329.8668
147,غزة-مربع النديم,GGA0002,INDAS_G044,FGGA0002_E009,غزة, ,1779.31408,مناطق حصر جديدة,131,283,506,,,,,1779.31408,185730.9289
148,غزة-الزيتون مربع الدحدوح والقرية البدوية,GZA0004,INDAS_G046,FGZA0004_E011,غزة, ,3789.630439,مناطق حصر جديدة,242,502,487,,,,,3789.630439,647806.4668
149,غزة-الزيتون مربع الدحدوح والقرية البدوية,GZA0004,INDAS_G046,FGZA0004_E012,غزة, ,3284.201772,مناطق حصر جديدة,,295,490,,,,,3284.201772,475296.4436
150,غزة-الزيتون مربع الدحدوح والقرية البدوية,GZA0004,INDAS_G046,FGZA0004_E013,غزة, ,3484.907084,مناطق حصر جديدة,,119,62,,,,,3484.907084,628136.9861
151,غزة-مربع أبراج تل الهوى,GGA0007,INDAS_G042,FGGA0007_E010,غزة, ,1819.43507,مناطق حصر جديدة,,164,335,,,,,1819.43507,174586.098
152,غزة-مربع أبراج تل الهوى,GGA0007,INDAS_G042,FGGA0007_E011,غزة, ,1676.506744,مناطق حصر جديدة,,60,526,,,,,1676.506744,137842.2513
153,غزة-مربع أبراج تل الهوى,GGA0007,INDAS_G042,FGGA0007_E012,غزة, ,1662.214259,مناطق حصر جديدة,37,98,904,,,,,1662.214259,132066.7141
154,غزة-المنطقة الواقعة بين مربع مسجد الشمعة ومربع كشكو,GGA0002,INDAS_G039,FGGA0002_E010,غزة, ,1867.972068,مناطق حصر جديدة,,185,522,,,,,1867.972068,97337.78399
155,غزة-المنطقة الواقعة بين مربع مسجد الشمعة ومربع كشكو,GGA0002,INDAS_G039,FGGA0002_E011,غزة, ,2325.683902,مناطق حصر جديدة,,306,767,,,,,2325.683902,177399.8213
156,غزة-مربع البرهام,GGA0002,INDAS_G038,FGGA0002_E012,غزة, ,1916.151539,مناطق حصر جديدة,67,403,1031,,,,,1916.151539,188819.0257
157,غزة-مربع سوق فراس ومستشفى المعمداني,GGA0002,INDAS_G030,FGGA0002_E013,غزة, ,2136.558207,مناطق حصر جديدة,,265,614,,,,,2136.558207,218651.523
158,غزة-مربع عسقولة,GGA0002,INDAS_G037,FGGA0002_E014,غزة, ,1271.77574,مناطق حصر جديدة,52,192,416,,,,,1271.77574,66306.73274
159,غزة-مربع عسقولة,GGA0002,INDAS_G037,FGGA0002_E015,غزة, ,2011.176172,مناطق حصر جديدة,155,256,614,,,,,2011.176172,126505.4261
160,غزة-مربع عسقولة,GGA0002,INDAS_G037,FGGA0002_E016,غزة, ,1483.285469,مناطق حصر جديدة,52,105,269,,,,,1483.285469,76675.0755
161,غزة-مربع عمو عماد ومربع مركز صحي الصبرة,GGA0002,INDAS_G036,FGGA0002_E017,غزة, ,1397.533327,مناطق حصر جديدة,,138,389,,,,,1397.533327,87450.8653
162,غزة-مربع عمو عماد ومربع مركز صحي الصبرة,GGA0002,INDAS_G036,FGGA0002_E018,غزة, ,1848.632314,مناطق حصر جديدة,81,239,576,,,,,1848.632314,145764.6629
163,غزة-مربع عبدالله عزام وبيارة الدهشان,GGA0006,INDAS_G035,FGGA0006_E016,غزة, ,2069.637052,مناطق حصر جديدة,103,258,513,,,,,2069.637052,160944.8559
164,غزة-مربع عبدالله عزام وبيارة الدهشان,GGA0006,INDAS_G035,FGGA0006_E017,غزة, ,1764.389933,مناطق حصر جديدة,95,345,961,,,,,1764.389933,171884.2098
170,غزة-مربع شملخ ومسجد مصعب بن عمير,GZA0004,INDAS_G045,FGZA0004_E014,غزة, ,3300.215309,مناطق حصر جديدة,,167,484,,,,,3300.215309,293093.5886
171,غزة-مربع مجلس الوزراء,GGA0007,INDAS_G040,FGGA0007_E013,غزة, ,2585.6132,مناطق حصر جديدة,,11,0,,,,,2585.6132,181286.6405
172,غزة-مربع مجلس الوزراء,GGA0007,INDAS_G040,FGGA0007_E014,غزة, ,2212.539372,مناطق حصر جديدة,,170,347,,,,,2212.539372,260224.8363
174,غزة-مربع أنصار وعزبة الحمامية,GGA0007,INDAS_G031,FGGA0007_E016,غزة, ,3322.192057,مناطق حصر جديدة,,28,0,,,,,3322.192057,336158.1224
175,غزة-مربع أنصار وعزبة الحمامية,GGA0007,INDAS_G031,FGGA0007_E017,غزة, ,2346.640535,مناطق حصر جديدة,,190,1129,,,,,2346.640535,266961.2466
178,غزة-مربع الجامعات ومربع الاذاعة والتلفزيون القديم,GGA0007,INDAS_G033,FGGA0007_E020,غزة, ,2013.798679,مناطق حصر جديدة,,,49,,,,,2013.798679,178655.0006
181,غزة-مربع الميناء,GGA0008,INDAS_G022,FGGA0008_E021,غزة, ,1123.875422,مناطق حصر جديدة,,110,202,,,,,1123.875422,84004.60259
182,غزة-مربع أبو حصيرة,GGA0008,INDAS_G021,FGGA0008_E022,غزة, ,1521.843425,مناطق حصر جديدة,,243,625,,,,,1521.843425,142252.6087
183,غزة-مخيم الشاطئ-مربع المسجد الغربي ومسجد التوحيد,GGA0010,INDAS_G017,FGGA0010_E011,غزة, ,2268.035816,مناطق حصر جديدة,,286,581,,,,,2268.035816,161832.1127
184,غزة-مخيم الشاطئ-مربع المسجد الغربي ومسجد التوحيد,GGA0010,INDAS_G017,FGGA0010_E012,غزة, ,1409.116606,مناطق حصر جديدة,,475,888,,,,,1409.116606,112628.1048
185,غزة-شرق مخيم الشاطئ,GGA0010,INDAS_G018,FGGA0010_E013,غزة, ,1836.772975,مناطق حصر جديدة,,467,1109,,,,,1836.772975,132451.4008
186,غزة-شرق مخيم الشاطئ,GGA0010,INDAS_G018,FGGA0010_E014,غزة, ,1617.703569,مناطق حصر جديدة,,442,1116,,,,,1617.703569,139587.7908
187,غزة-البلاخية,GGA0010,INDAS_G016,FGGA0010_E015,غزة, ,1363.471796,مناطق حصر جديدة,,129,476,,,,,1363.471796,91286.35456
188,غزة-الشاطئ الشمالي,GGA0010,INDAS_G007,FGGA0010_E016,غزة, ,1582.754217,مناطق حصر جديدة,,344,663,,,,,1582.754217,95462.74894
189,غزة-الشاطئ الشمالي,GGA0010,INDAS_G007,FGGA0010_E017,غزة, ,2011.755171,مناطق حصر جديدة,,443,1001,,,,,2011.755171,136213.4422
190,غزة-الشاطئ الشمالي,GGA0010,INDAS_G007,FGGA0010_E018,غزة, ,1696.188496,مناطق حصر جديدة,,400,790,,,,,1696.188496,131942.7496
191,غزة-مربع عايدية ومربع كرم مصلحة,GGA0008,INDAS_G019,FGGA0008_E023,غزة, ,2056.982284,مناطق حصر جديدة,,294,910,,,,,2056.982284,200563.5517
200,غزة-مربع الخدمة العامة والقصاصين,GGA0006,INDAS_G028,FGGA0006_E021,غزة, ,1994.520979,مناطق حصر جديدة,,,711,,,,,1994.520979,211607.1453
201,غزة-مدينة الزهراء,GZA0004,INDAS_G006,FGZA0004_E001,غزة,المنطقة بين قصر العدل ومجمع السلامة الطبي  الى شارع الرشيد,2706.517442,مناطق حصر جديدة,,138,1369,,,,,2706.517442,398637.0013
202,غزة-منطقة أبو مدين ومنطقة عزبة الحمامية,GZA0004,INDAS_G049,FGZA0004_E015,غزة, ,6821.022021,مناطق حصر جديدة,,460,513,,,,,6821.022021,1217051.205
204,الوسطى-النصيرات-مربع أراضي (أبو غولة-أبو مهادي-اللوح-أبو زكري),MNU0002,INDAS_M002,FMNU0002_E014,الوسطى, ,4482.083676,مناطق حصر جديدة,0,419,620,,,,,4482.083676,887358.4599
205,الوسطى-النصيرات-المنطقة الواقعة من أرض المصنع الى أبراج عين جالوت,MNU0002,INDAS_M009,FMNU0002_E015,الوسطى, ,3291.159334,مناطق حصر جديدة,0,347,911,,,,,3291.159334,314420.5564
206,الوسطى-النصيرات-المنطقة الواقعة من أرض المصنع الى أبراج عين جالوت,MNU0002,INDAS_M009,FMNU0002_E016,الوسطى, ,2642.389128,مناطق حصر جديدة,0,220,252,,,,,2642.389128,357235.2236
207, H الوسطى-النصيرات-منطقة بيارة أبو سليم الشرقية وبلوك,MNU0002,INDAS_M008,FMNU0002_E017,الوسطى, ,1825.213114,مناطق حصر جديدة,0,216,446,,,,,1825.213114,194954.9064
208, H الوسطى-النصيرات-منطقة بيارة أبو سليم الشرقية وبلوك,MNU0002,INDAS_M008,FMNU0002_E018,الوسطى, ,2634.959161,مناطق حصر جديدة,0,372,876,,,,,2634.959161,191063.401
209,الوسطى-النصيرات-مربع أرض أبو مراحيل ومخيم 1 ومربع مسجد الفرج,MNU0002,INDAS_M007,FMNU0002_E019,الوسطى, ,1582.568188,مناطق حصر جديدة,0,205,523,,,,,1582.568188,109531.4815
210,الوسطى-النصيرات-مربع أرض أبو مراحيل ومخيم 1 ومربع مسجد الفرج,MNU0002,INDAS_M007,FMNU0002_E020,الوسطى, ,1620.916778,مناطق حصر جديدة,0,112,201,,,,,1620.916778,123880.7988
211,الوسطى-النصيرات-مربع أرض أبو مراحيل ومخيم 1 ومربع مسجد الفرج,MNU0002,INDAS_M007,FMNU0002_E021,الوسطى, ,1235.937808,مناطق حصر جديدة,0,187,459,,,,,1235.937808,78027.68314
212,الوسطى-النصيرات-مربع أرض الدعوة و المحكمة الشرعية,MNU0002,INDAS_M004,FMNU0002_E022,الوسطى, ,2083.930442,مناطق حصر جديدة,0,336,1055,,,,,2083.930442,190970.8738
215,الوسطى-النصيرات-مربع أراضي (مطر والحرثاني وأبو عريبان),MNU0002,INDAS_M006,FMNU0002_E025,الوسطى, ,1311.349894,مناطق حصر جديدة,0,231,806,,,,,1311.349894,106348.7065
219,غزة-المغراقة,GZA0004,INDAS_G048,FGZA0004_E016,غزة, ,4146.731664,مناطق حصر جديدة,,256,139,,,,,4146.731664,812552.0279
220,غزة-المغراقة,GZA0004,INDAS_G048,FGZA0004_E017,غزة, ,4208.984625,مناطق حصر جديدة,,364,305,,,,,4208.984625,867624.6932
221,غزة-المغراقة,GZA0004,INDAS_G048,FGZA0004_E018,غزة, ,3495.851708,مناطق حصر جديدة,,392,399,,,,,3495.851708,614421.7181
222,غزة-المغراقة,GZA0004,INDAS_G048,FGZA0004_E019,غزة, ,4922.350994,مناطق حصر جديدة,,329,424,,,,,4922.350994,757234.3173
223,الوسطى-دير البلح-مربع المشاعلة الغربي ومربع صالة سونستا للأفراح,MDB0003,INDAS_M010,FMDB0003_E009,الوسطى, ,3429.573878,مناطق حصر جديدة,74,195,160,,,,,3429.573878,690718.6139
224,الوسطى-دير البلح-مربع المشاعلة الشرقي ومربع مسجد البركة,MDB0003,INDAS_M011,FMDB0003_E010,الوسطى, ,3665.422213,مناطق حصر جديدة,131,291,300,,,,,3665.422213,609436.8659
225,الوسطى-دير البلح-مربع مسجد الأبرار,MDB0003,INDAS_M012,FMDB0003_E011,الوسطى, ,3712.815026,مناطق حصر جديدة,,506,395,,,,,3712.815026,774526.7849
226,الوسطى-دير البلح-مربع أم ظهير ومسجد الرياطي,MDB0003,INDAS_M015,FMDB0003_E012,الوسطى, ,4533.352319,مناطق حصر جديدة,95,369,291,,,,,4533.352319,1152279.836
228,الوسطى-دير البلح-مربع بوبع أرض القدرة وأبو هولي (الجعفراوي الغربي),MDB0003,INDAS_M014,FMDB0003_E013,الوسطى, ,3622.190153,مناطق حصر جديدة,,410,315,,,,,3622.190153,748028.4494
229,الوسطى-وادي السلقا-مربع الجعفراوي ومربع حارة السعايدة والشرطة,MDB0003,INDAS_M016,FMDB0003_E014,الوسطى, ,4241.872358,مناطق حصر جديدة,,366,212,,,,,4241.872358,839008.25
230,خانيونس-مربع أبراج الفرا والمنطقة المقابر,KKY0006,INDAS_K024,FKKY0006_E016,خانيونس, ,3143.227322,مناطق حصر جديدة,,370,577,,,,,3143.227322,281335.0823
232,خانيونس-البلد,KKY0006,INDAS_K002,FKKY0006_E007,خانيونس,حانيونس البلد المنطقة الواقعة جنوب شارع البحر وشرق منتزة البلدية,1304.592465,مناطق حصر جديدة,,,509,,,,,1304.592465,83276.93591
235,خانيونس-مربع مركز المدينة 2 ومربع حارة الشاعر ومدرسة عبد الرحمن الأغا,KKY0004,INDAS_K023,FKKY0004_E003,خانيونس, ,2378.238777,مناطق حصر جديدة,,,1073,,,,,2378.238777,242881.3765
236,خانيونس-مربع مركز المدينة 1,KKY0004,INDAS_K020,FKKY0004_E004,خانيونس, ,1531.262276,مناطق حصر جديدة,,210,600,,,,,1531.262276,111592.7738
237,خانيونس-المنطقة الواقعة بين مربع حارة المجايدة وحسني ومربع السيقلي والقسام,KKY0006,INDAS_K019,FKKY0006_E018,خانيونس, ,1484.151738,مناطق حصر جديدة,,,521,,,,,1484.151738,128248.4949
238,خانيونس-مربع شارع الترنس ومربع شارع القدرة,KKY0006,INDAS_K016,FKKY0006_E019,خانيونس, ,1217.895955,مناطق حصر جديدة,,126,459,,,,,1217.895955,63281.05109
239,خانيونس-المعسكر-مربع عيادة وكالة الظهرة ومربع بركة,KKY0007,INDAS_K017,FKKY0007_E008,خانيونس, ,1336.618601,مناطق حصر جديدة,,329,623,,,,,1336.618601,109202.138
240,خانيونس-المعسكر-مربع عيادة وكالة الظهرة ومربع بركة,KKY0007,INDAS_K017,FKKY0007_E009,خانيونس, ,1186.67448,مناطق حصر جديدة,,162,604,,,,,1186.67448,77718.42749
241,خانيونس-مربع مستشفى ناصر وأبراج النمساوي ومربع حارة المجادلة,KKY0007,INDAS_K021,FKKY0007_E010,خانيونس, ,2522.474853,مناطق حصر جديدة,,,579,,,,,2522.474853,264744.1997
242,خانيونس-المعسكر-مربع الهلال الأحمر ومربع المدارس,KKY0006,INDAS_K018,FKKY0006_E020,خانيونس, ,2239.29141,مناطق حصر جديدة,,,1268,,,,,2239.29141,204813.2019
243,خانيونس-مربع مسجد أبو بكر الصديق,KKY0006,INDAS_K012,FKKY0006_E021,خانيونس, ,2234.697,مناطق حصر جديدة,,373,846,,,,,2234.697,288017.7165
244,خانيونس-مربع المحطة,KBS0002,INDAS_K014,FKBS0002_E003,خانيونس, ,2136.058666,مناطق حصر جديدة,,299,548,,,,,2136.058666,257142.0263
245,خانيونس-مربع المحطة,KBS0002,INDAS_K014,FKBS0002_E004,خانيونس, ,1923.993381,مناطق حصر جديدة,,248,285,,,,,1923.993381,166232.0374
246,خانيونس-المنطقة الواقعة بين كلية تدريب خانيونس والحي الياباني وحس البراق والاماراتي2,KKY0007,INDAS_K009,FKKY0007_E011,خانيونس, ,2609.695135,مناطق حصر جديدة,,,242,,,,,2609.695135,305237.8687
247,خانيونس-مربع المشروع الهولندي والاماراتي1,KKY0007,INDAS_K010,FKKY0007_E012,خانيونس, ,1450.524383,مناطق حصر جديدة,,164,261,,,,,1450.524383,105216.5802
250,خانيونس-مربع بركة حي الأمل والعرايشية مربع مسجد حسن البنا,KKY0006,INDAS_K011,FKKY0006_E022,خانيونس, ,1278.78027,مناطق حصر جديدة,,138,313,,,,,1278.78027,87467.57933
251,خانيونس-مربع مسجد الكتيبة ومربع الربوات العربية,KBS0002,INDAS_K013,FKBS0002_E005,خانيونس, ,3437.636957,مناطق حصر جديدة,,,625,,,,,3437.636957,408908.8838
252,خانيونس-مربع مدرسة عيد الأغا وصالة بانوراما ومربع مسجد العباسي,KQA0001,INDAS_K008,FKQA0001_E004,خانيونس, ,4104.419426,مناطق حصر جديدة,,413,413,,,,,4104.419426,738468.6271
253,خانيونس-مربع مدرسة عيد الأغا وصالة بانوراما ومربع مسجد العباسي,KQA0001,INDAS_K008,FKQA0001_E005,خانيونس, ,3952.342448,مناطق حصر جديدة,,375,383,,,,,3952.342448,729518.0772
254,خانيونس-مربع محطة الأغا ومربع محطة عودة,KQA0001,INDAS_K007,FKQA0001_E006,خانيونس, ,4992.624967,مناطق حصر جديدة,,369,390,,,,,4992.624967,791720.7475
255,خانيونس-المواصي-مربع محطة الأسطل للبترول,KKY0007,INDAS_K004,FKKY0007_E013,خانيونس, ,4999.646313,مناطق حصر جديدة,,318,198,,,,,4999.646313,1161951.869
256,خانيونس-البركة,KKY0007,INDAS_K003,FKKY0007_E014,خانيونس, ,5036.581632,مناطق حصر جديدة,,156,86,,,,,5036.581632,1131679.557
257,خانيونس-مربع إسكان الياباني,KKY0007,INDAS_K005,FKKY0007_E015,خانيونس, ,6426.371114,مناطق حصر جديدة,,36,14,,,,,6426.371114,1625124.86
260,غزة-مربع عبدالله عزام وبيارة الدهشان,GGA0006,INDAS_G035,FGGA0006_E022,غزة, ,1404.017644,مناطق حصر جديدة,,254,923,,,,,1404.017644,97217.08509
261,غزة-مربع مسجد الكنز,GGA0008,INDAS_G025,FGGA0008_E024,غزة, ,1792.598815,مناطق حصر جديدة,0,148,575,,,,,1792.598815,175253.3793
263,الوسطى-النصيرات-مربع أراضي (مطر والحرثاني وأبو عريبان),MNU0002,INDAS_M006,FMNU0002_E027,الوسطى, ,1313.420333,مناطق حصر جديدة,62,128,509,,,,,1313.420333,105088.0742
264,خانيونس-مربع مدينة حمد,KQA0001,INDAS_K006,FKQA0001_E007,خانيونس, ,1946.692819,مناطق حصر جديدة,,,129,,,,,1946.692819,162580.1362
