OBJECTID,Name,Area_Code,Work_ID,zone_code,Gov,Address,Shape_Leng,حالة الحصر,المباني المنجزة,إجمالي المباني,عدد الوحدات,نسبة الإنجاز %,عدد الفرق,عدد المهندسين,آخر تحديث بواسطة,Shape_Length,Shape_Area
1,الشمال-عباد الرحمن,NJA0005,INDAS_N001,FNJA0005_E002,الشمال,المنطقة ارض الشنطي الواقعة بين دوار الصاروخ ومفترق الامن العام ومفترق برج الاندلس,1559.33203164,تم الانتهاء,154.0,173.0,410,89.0,1.0,,جنين  ريان,1559.3320316418872,135026.2558371087
2,غزة-الشيخ رضوان,GGA0009,INDAS_G002,FGGA0009_E002,غزة,المنطقة بين الشارع الاول والتاني ويمتد من مفترق الشيخ رضوان مع الجلاء وصولا لشارع النصر بين مفترق بهلول ومفترق النادي الاهلي,1605.60973428,تم الانتهاء,160.0,165.0,607,97.0,,,سامر وهبة,1605.6097342757223,129316.54606122956
3,غزة-الرمال الشمالي-مربع فلسطين,GGA0008,INDAS_G003,FGGA0008_E009,غزة,المنطقة بين شارع الجلاء مفترق الغفري الى محطة البربري وبين شارع النصر من مسجد الحبيب محمد الى محلات البسمة,1922.72342571,تم الانتهاء,222.0,241.0,664,92.0,,,سامر وهبة,1922.72342570607,211028.06305319216
4,الوسطى--النصيرات-أرض المفتي,MNU0002,INDAS_M001,FMNU0002_E002,الوسطى,منطقة مربع المفتي والمخيم الجديد وارض ابو مهادي,1741.98643579,قيد الحصر,146.0,245.0,399,60.0,1.0,2.0,فاطمة جبر,1741.98643578949,129559.98100523591
5,دير البلح-قصر أبو سليم,MDB0003,INDAS_M013,FMDB0003_E001,الوسطى,من شارع الحكر من جامع الفرقان الى ابو هولي,3792.85602388,تم الانتهاء,279.0,279.0,237,100.0,,,فاطمة جبر,3792.8560238803043,660940.2799637344
6,خانيونس-حي الأمل,KKY0006,INDAS_K001,FKKY0006_E003,خانيونس,منطقة العرايشية-جنوب بركة المشروع  وفي الشرق من الاتحدا النسائي الى مسجد حسن البنا,1183.36905858,قيد الحصر,59.0,165.0,341,36.0,1.0,2.0,أفنان  أبو جزر,1183.3690585801855,75936.71433188698
7,خانيونس-البلد,KKY0006,INDAS_K002,FKKY0006_E004,خانيونس,حانيونس البلد المنطقة الواقعة جنوب شارع البحر وشرق منتزة البلدية,1272.74449011,قيد الحصر,155.0,244.0,591,64.0,,,,1272.7444901069632,91480.30453219272
8,غزة-مدينة الزهراء,GZA0004,INDAS_G006,FGZA0004_E002,غزة,المنطقة بين قصر العدل ومجمع السلامة الطبي  الى شارع الرشيد,7370.42712075,مناطق حصر جديدة,,246.0,213,,,,,7370.4271207521715,2954041.8009745413
9,غزة-تل الهوى-المستشفى الأردني,GGA0007,INDAS_G005,FGGA0007_E003,غزة,المنطقة بين شارع الصناعة مطعم الأصيل الى شارع المغربي  وصولا الى برشلونة,2006.2531396,تم الانتهاء,169.0,176.0,471,96.0,,,سامر وهبة,2006.2531395991891,169534.68129701944
10,غزة-الرمال الجنوبي-ابو الكاس,GGA0006,INDAS_G004,FGGA0006_E002,غزة,المنطقة بين بداية شارع الشهداء  الى (اصدقاء المريض) وشارع جمال عبد الناصر من مفترق الطيران الى مفترق الجامعة الاسلامية,1137.98942739,تم الانتهاء,75.0,76.0,309,99.0,,,سامر وهبة,1137.9894273863247,83595.0504602164
11,غزة-منطقة الشفاء,GGA0008,INDAS_G001,FGGA0008_E006,غزة,المنطقة محيط مجمع الشفاء,1173.90045965,تم الانتهاء,,,11,,,,,1173.9004596517223,78132.91418857183
12,غزة-مربع ملعب فلسطين ومربع برج الشوا والحصري,GGA0008,INDAS_G026,FGGA0008_E011,غزة, ,2462.8137675,قيد الحصر,31.0,245.0,1263,13.0,2.0,5.0,سناء ريان,2462.813767504362,304666.77843001846
13,مربع أبراج الكرامة ومربع مسجد عيسى مراد,NJA0005,INDAS_N004,FNJA0005_E007,الشمال, ,1756.65048402,قيد الحصر,,,406,,1.0,2.0,جنين  ريان,1756.6504840231023,188125.18997354532
14,الشمال-الكرامة,NJA0005,INDAS_N002,FNJA0005_E008,الشمال,مربع ليالينا ومربع مبنى السفينة,3430.97378724,مناطق حصر جديدة,7.0,246.0,516,,,,,3430.9737872443015,638726.9868161514
15,غزة-مربع مسجد الكنز,GGA0008,INDAS_G025,FGGA0008_E012,غزة, ,1809.12636834,مناطق حصر جديدة,,167.0,782,,,,,1809.1263683442046,203366.73030816446
16,الشمال- مربع الصفطاوي,NJA0005,INDAS_N006,FNJA0005_E009,الشمال, ,1089.52548756,قيد الحصر,5.0,30.0,142,,1.0,2.0,جنين  ريان,1089.5254875619125,64529.782298201215
17,غزة-مربع الميناء,GGA0008,INDAS_G022,FGGA0008_E013,غزة, ,1958.5637797,مناطق حصر جديدة,,207.0,847,,,,,1958.5637797017537,145144.59633120574
18,الشمال-عباد الرحمن-مربع مدرسة أسامة بن زيد,NJA0005,INDAS_N005,FNJA0005_E010,الشمال, ,1753.53749387,مناطق حصر جديدة,1.0,149.0,313,,,,,1753.5374938659795,105432.40691559427
19,مربع مدرسة عوني الحرثاني و مصنع أبو حمرة,NJA0005,INDAS_N003,FNJA0005_E011,الشمال, ,2480.31638633,مناطق حصر جديدة,10.0,122.0,351,,,,,2480.3163863304057,229708.907490295
20,غزة-المنطقة الواقعة بين مربع مسجد الشمعة ومربع كشكو,GGA0002,INDAS_G039,FGGA0002_E001,غزة, ,2359.68129225,مناطق حصر جديدة,98.0,319.0,785,,,,,2359.681292248292,192216.39915828375
21,غزة-مربع البرهام,GGA0002,INDAS_G038,FGGA0002_E002,غزة, ,1803.37275745,مناطق حصر جديدة,98.0,239.0,517,,,,,1803.372757447546,193489.88122679293
22,غزة-مربع مدرسة موسى بن نصير,GGA0005,INDAS_G050,FGGA0005_E001,غزة, ,1553.4752904,مناطق حصر جديدة,75.0,176.0,466,,,,,1553.4752903965682,111690.77155762991
23,غزة-مربع عايدية ومربع كرم مصلحة,GGA0008,INDAS_G019,FGGA0008_E014,غزة, ,2743.80796124,مناطق حصر جديدة,103.0,254.0,647,,,,,2743.807961235575,233474.9087851862
24,غزة-مربع فهمي الجرجاوي والفواخير,GGA0006,INDAS_G029,FGGA0006_E005,غزة, ,2488.23123502,مناطق حصر جديدة,74.0,277.0,671,,,,,2488.2312350170823,220314.60305983332
25,غزة-مربع سوق فراس ومستشفى المعمداني,GGA0002,INDAS_G030,FGGA0002_E003,غزة, ,2817.67343953,مناطق حصر جديدة,54.0,278.0,556,,,,,2817.673439528169,266189.2295801188
26,غزة-مربع عسقولة,GGA0002,INDAS_G037,FGGA0002_E004,غزة, ,1745.10916562,مناطق حصر جديدة,,157.0,374,,,,,1745.1091656223255,105431.4694145225
27,غزة-مربع مسجد التوحيد والسنة ومجمع الصحابة الطبي,GGA0006,INDAS_G051,FGGA0006_E006,غزة, ,3350.6413576,مناطق حصر جديدة,,630.0,1543,,,,,3350.6413575956176,335702.4045986794
28,غزة-مربع النديم,GGA0002,INDAS_G044,FGGA0002_E005,غزة, ,2364.91246834,مناطق حصر جديدة,36.0,284.0,520,,,,,2364.9124683376426,249705.66432941167
29,غزة-الزيتون-مربع مسجد علي بن ابي طالب ومنطقة السموني,GZA0004,INDAS_G047,FGZA0004_E003,غزة, ,2449.96861492,مناطق حصر جديدة,13.0,310.0,451,,,,,2449.9686149236663,360483.3566467724
30,غزة-مربع الزهارنة ومربع المشاهرة,GGA0005,INDAS_G020,FGGA0005_E002,غزة, ,3460.36922277,مناطق حصر جديدة,,517.0,1157,,,,,3460.369222771062,371990.49275030824
31,غزة-مربع عمو عماد ومربع مركز صحي الصبرة,GGA0002,INDAS_G036,FGGA0002_E006,غزة, ,1639.57072542,مناطق حصر جديدة,,170.0,269,,,,,1639.570725421232,152780.75295686306
32,غزة-مربع نادي الهلال الرياضي,GGA0005,INDAS_G015,FGGA0005_E003,غزة, ,2127.47190111,مناطق حصر جديدة,,343.0,529,,,,,2127.4719011107927,261511.2564457814
33,غزة-مربع عبدالله عزام وبيارة الدهشان,GGA0006,INDAS_G035,FGGA0006_E007,غزة, ,1369.64405607,مناطق حصر جديدة,31.0,209.0,612,,,,,1369.6440560658107,107902.45014966703
34,غزة-مربع عزبة عبد العال,GGA0005,INDAS_G014,FGGA0005_E004,غزة, ,2116.12134157,مناطق حصر جديدة,,274.0,542,,,,,2116.121341571693,191375.38025005712
35,غزة-مربع المجمع الاسلامي,GGA0002,INDAS_G043,FGGA0002_E007,غزة, ,4329.4796907,مناطق حصر جديدة,,613.0,970,,,,,4329.479690695434,657162.4160370176
36,غزة-مربع أبو علبة ومسجد اليرموك,GGA0005,INDAS_G052,FGGA0005_E005,غزة, ,1446.49657685,قيد الحصر,26.0,233.0,639,11.0,1.0,2.0,سامر وهبة,1446.4965768480745,125749.54504182655
37,غزة-مربع مقبرة الشيخ رضوان وبرج الايطالي,GGA0009,INDAS_G053,FGGA0009_E004,غزة, ,2220.29084559,قيد الحصر,36.0,295.0,691,12.0,1.0,3.0,سامر وهبة,2220.2908455925217,307261.21873709746
38,غزة-مربع الجامعات ومربع الاذاعة والتلفزيون القديم,GGA0007,INDAS_G033,FGGA0007_E004,غزة, ,2324.24934954,قيد الحصر,74.0,113.0,560,65.0,1.0,2.0,سناء ريان,2324.2493495382037,318895.3484699127
39,غزة-شرق مخيم الشاطئ,GGA0010,INDAS_G018,FGGA0010_E001,غزة, ,1501.7217929,مناطق حصر جديدة,69.0,483.0,1145,,,,,1501.7217928957346,139861.18675388864
40,غزة-مربع أبو الأمين وأبو اسكندر,GGA0009,INDAS_G010,FGGA0009_E005,غزة, ,1922.92036199,مناطق حصر جديدة,82.0,333.0,1244,,,,,1922.9203619939672,166724.0459667476
41,غزة-مربع الكتيبة,GGA0007,INDAS_G032,FGGA0007_E005,غزة, ,2475.6887999,قيد الحصر,62.0,109.0,470,57.0,1.0,3.0,سناء ريان,2475.68879989988,305389.7926743715
42,غزة-المنطقة التي تجمع بين مربع الجسر -عيادة وكالة الشيخ رضوان - مربع القسطل-مربع مسجد حطين,GGA0009,INDAS_G013,FGGA0009_E006,غزة, ,2011.2459141,قيد الحصر,45.0,345.0,1108,13.0,,,,2011.2459140996505,241411.9032301334
43,غزة-مربع أبراج تل الهوى,GGA0007,INDAS_G042,FGGA0007_E006,غزة, ,1913.52321671,مناطق حصر جديدة,,113.0,778,,,,,1913.5232167129884,204781.60541283866
44,غزة-مربع مسجد الفلاح,GGA0007,INDAS_G041,FGGA0007_E007,غزة, ,2000.04023272,قيد الحصر,74.0,198.0,662,37.0,1.0,2.0,سناء ريان,2000.0402327170764,219163.909416061
45,غزة-مربع الشيخ رضوان_الشارع الثاني,GGA0009,INDAS_G009,FGGA0009_E007,غزة, ,2942.34791706,مناطق حصر جديدة,,605.0,2151,,,,,2942.3479170645796,336280.1421729466
46,غزة-الزيتون مربع الدحدوح والقرية البدوية,GZA0004,INDAS_G046,FGZA0004_E004,غزة, ,4762.51276417,مناطق حصر جديدة,,290.0,309,,,,,4762.5127641731315,629598.5795155745
47,غزة-مربع شملخ ومسجد مصعب بن عمير,GZA0004,INDAS_G045,FGZA0004_E005,غزة, ,3315.12331437,مناطق حصر جديدة,,269.0,634,,,,,3315.1233143711115,386523.8817114972
48,غزة-مربع مستشفى العيون ومدرسة النصر,GGA0009,INDAS_G012,FGGA0009_E008,غزة, ,1476.1331992,مناطق حصر جديدة,,327.0,588,,,,,1476.1331991992618,134246.08501039405
49,غزة-مربع أبراج المقوسي وأبراج المخابرات,GGA0009,INDAS_G008,FGGA0009_E009,غزة, ,2256.8296525,مناطق حصر جديدة,,160.0,686,,,,,2256.8296525009814,282848.69150800246
50,غزة-المغراقة,GZA0004,INDAS_G048,FGZA0004_E006,غزة, ,5193.4879392,مناطق حصر جديدة,,365.0,270,,,,,5193.487939204199,1089872.2039717431
51,غزة-منطقة أبو مدين ومنطقة عزبة الحمامية,GZA0004,INDAS_G049,FGZA0004_E007,غزة, ,6070.19758345,مناطق حصر جديدة,,116.0,74,,,,,6070.197583448233,1637488.8837128999
52,غزة-مربع الخدمة العامة والقصاصين,GGA0006,INDAS_G028,FGGA0006_E008,غزة, ,2041.68535418,قيد الحصر,95.0,268.0,843,35.0,1.0,3.0,سناء ريان,2041.685354183414,242679.18171615576
53,غزة-الشهداء,GGA0008,INDAS_G024,FGGA0008_E015,غزة, ,2226.72509543,تم الانتهاء,52.0,58.0,100,90.0,,,سامر وهبة,2226.7250954304413,299553.1232842191
54,الوسطى-النصيرات-مربع أرض الدعوة و المحكمة الشرعية,MNU0002,INDAS_M004,FMNU0002_E005,الوسطى, ,6398.21906389,مناطق حصر جديدة,0.0,254.0,159,,,,,6398.219063886155,1881579.4935640474
55,غزة-مربع مكتبة البلدية العامة ومربع أبو خضرة,GGA0006,INDAS_G027,FGGA0006_E009,غزة, ,2456.78258591,مناطق حصر جديدة,39.0,393.0,820,,,,,2456.7825859117725,349709.3831698395
56,الوسطى-النصيرات-مخيم النصيرات,MNU0002,INDAS_M005,FMNU0002_E006,الوسطى, ,3402.93374051,قيد الحصر,73.0,471.0,948,15.0,1.0,2.0,فاطمة جبر,3402.933740508505,389483.34202188405
57,الوسطى-النصيرات-مربع أراضي (مطر والحرثاني وأبو عريبان),MNU0002,INDAS_M006,FMNU0002_E007,الوسطى, ,3362.20313688,مناطق حصر جديدة,0.0,230.0,414,,,,,3362.203136875695,436095.45529680414
58,الوسطى-النصيرات-مربع أرض أبو مراحيل ومخيم 1 ومربع مسجد الفرج,MNU0002,INDAS_M007,FMNU0002_E008,الوسطى, ,1826.0449824,مناطق حصر جديدة,0.0,194.0,444,,,,,1826.044982402212,139743.85860575223
59,الوسطى-النصيرات-المنطقة الواقعة من أرض المصنع الى أبراج عين جالوت,MNU0002,INDAS_M009,FMNU0002_E009,الوسطى, ,2595.01299796,قيد الحصر,63.0,296.0,612,21.0,1.0,,فاطمة جبر,2595.012997957193,380998.94548465346
60, H الوسطى-النصيرات-منطقة بيارة أبو سليم الشرقية وبلوك,MNU0002,INDAS_M008,FMNU0002_E010,الوسطى, ,2127.98662756,مناطق حصر جديدة,0.0,298.0,683,,,,,2127.9866275585105,281883.18556742556
61,الوسطى-النصيرات-مربع أرض أبو شمالة ومركز رعاية النصيرات,MNU0002,INDAS_M003,FMNU0002_E011,الوسطى, ,3021.4374259,قيد الحصر,,,117,,,,فاطمة جبر,3021.4374258962807,589550.9368681604
62,الوسطى-النصيرات-مربع أراضي (أبو غولة-أبو مهادي-اللوح-أبو زكري),MNU0002,INDAS_M002,FMNU0002_E012,الوسطى, ,6346.4642289,مناطق حصر جديدة,0.0,435.0,544,,,,,6346.464228898039,1659865.3437439317
63,الوسطى-دير البلح-مربع المشاعلة الغربي ومربع صالة سونستا للأفراح,MDB0003,INDAS_M010,FMDB0003_E003,الوسطى, ,3712.90200658,مناطق حصر جديدة,0.0,302.0,276,,,,,3712.9020065785785,800424.016887431
64,الوسطى-دير البلح-مربع بوبع أرض القدرة وأبو هولي (الجعفراوي الغربي),MDB0003,INDAS_M014,FMDB0003_E004,الوسطى, ,4582.17576885,مناطق حصر جديدة,0.0,230.0,162,,,,,4582.175768848653,1046714.9710940617
65,خانيونس-مربع محطة الأغا ومربع محطة عودة,KQA0001,INDAS_K007,FKQA0001_E001,خانيونس, ,4933.61273669,مناطق حصر جديدة,,592.0,604,,,,,4933.612736685173,1067809.0849020458
66,خانيونس-مربع مدرسة عيد الأغا وصالة بانوراما ومربع مسجد العباسي,KQA0001,INDAS_K008,FKQA0001_E002,خانيونس, ,3705.11925639,مناطق حصر جديدة,,301.0,285,,,,,3705.1192563887557,855062.2999117856
67,خانيونس-مربع مسجد الكتيبة ومربع الربوات العربية,KBS0002,INDAS_K013,FKBS0002_E001,خانيونس, ,4246.76472193,مناطق حصر جديدة,,,305,,,,,4246.764721929261,638974.5463332118
68,خانيونس-مربع المحطة,KBS0002,INDAS_K014,FKBS0002_E002,خانيونس, ,1917.111771,مناطق حصر جديدة,,,236,,,,,1917.1117709965495,184500.11568390724
69,خانيونس-مربع مركز المدينة 1,KKY0004,INDAS_K020,FKKY0004_E001,خانيونس, ,1695.77788482,مناطق حصر جديدة,,207.0,685,,,,,1695.7778848165444,139066.67796113578
70,خانيونس-مربع مركز المدينة 2 ومربع حارة الشاعر ومدرسة عبد الرحمن الأغا,KKY0004,INDAS_K023,FKKY0004_E002,خانيونس, ,2467.64756627,مناطق حصر جديدة,,,974,,,,,2467.647566274972,295893.7656598163
71,خانيونس-مربع مسجد أبو بكر الصديق,KKY0006,INDAS_K012,FKKY0006_E008,خانيونس, ,2351.60550166,مناطق حصر جديدة,,292.0,473,,,,,2351.6055016638957,337335.9560205645
72,خانيونس-المنطقة الواقعة بين مربع حارة المجايدة وحسني ومربع السيقلي والقسام,KKY0006,INDAS_K019,FKKY0006_E009,خانيونس, ,2264.3768313,قيد الحصر,52.0,381.0,986,14.0,,,,2264.3768313026867,187620.4438134098
73,خانيونس-مربع بركة حي الأمل والعرايشية مربع مسجد حسن البنا,KKY0006,INDAS_K011,FKKY0006_E010,خانيونس, ,2255.58166785,مناطق حصر جديدة,,45.0,83,,,,,2255.5816678468373,250540.52808538993
74,خانيونس-مربع شارع الترنس ومربع شارع القدرة,KKY0006,INDAS_K016,FKKY0006_E011,خانيونس, ,1346.02284997,مناطق حصر جديدة,,192.0,600,,,,,1346.022849970774,91236.19035145483
75,خانيونس-مربع إسكان حي الأمل ومربع مدرسة هارون الرشيد الثانوية,KKY0006,INDAS_K015,FKKY0006_E012,خانيونس, ,2132.42231071,مناطق حصر جديدة,,354.0,1318,,,,,2132.422310712166,218726.75668558193
76,خانيونس-المعسكر-مربع الهلال الأحمر ومربع المدارس,KKY0006,INDAS_K018,FKKY0006_E013,خانيونس, ,2853.15509874,مناطق حصر جديدة,,,967,,,,,2853.1550987407177,278342.1410841768
77,خانيونس-المعسكر-مربع عيادة وكالة الظهرة ومربع بركة,KKY0007,INDAS_K017,FKKY0007_E001,خانيونس, ,1493.36708753,مناطق حصر جديدة,,413.0,824,,,,,1493.3670875254109,130187.26020736468
78,خانيونس-مربع المشروع الهولندي والاماراتي1,KKY0007,INDAS_K010,FKKY0007_E002,خانيونس, ,1487.13456245,قيد الحصر,,181.0,347,,1.0,2.0,أفنان  أبو جزر,1487.1345624529374,120993.96166356013
79,خانيونس-المنطقة الواقعة بين كلية تدريب خانيونس والحي الياباني وحس البراق والاماراتي2,KKY0007,INDAS_K009,FKKY0007_E003,خانيونس, ,3047.61590616,قيد الحصر,,,637,,1.0,2.0,أفنان  أبو جزر,3047.6159061604644,353572.17283250915
80,خانيونس-مربع مستشفى ناصر وأبراج النمساوي ومربع حارة المجادلة,KKY0007,INDAS_K021,FKKY0007_E004,خانيونس, ,3355.34427796,قيد الحصر,81.0,512.0,653,16.0,,,,3355.344277956705,338140.2126513222
81,خانيونس-المعسكر-مربع كراج رفح البطن السمين ومربع صالة روان للأفراح,KKY0006,INDAS_K022,FKKY0006_E014,خانيونس, ,2112.0033888,مناطق حصر جديدة,,326.0,652,,,,,2112.003388800157,196042.5731454261
82,خانيونس-مربع أبراج الفرا والمنطقة المقابر,KKY0006,INDAS_K024,FKKY0006_E015,خانيونس, ,3226.39220428,مناطق حصر جديدة,,259.0,533,,,,,3226.392204276455,566289.1806831723
83,خانيونس-المواصي-مربع محطة الأسطل للبترول,KKY0007,INDAS_K004,FKKY0007_E005,خانيونس, ,5859.47122431,مناطق حصر جديدة,26.0,168.0,74,,,,,5859.471224312668,1595793.50613296
84,غزة-مربع أبراج الفيروز ومربع برج نجم,GGA0010,INDAS_G011,FGGA0010_E002,غزة, ,2096.61334178,مناطق حصر جديدة,,251.0,830,,,,,2096.6133417833075,215857.03334265697
85,غزة-الشاطئ الشمالي,GGA0010,INDAS_G007,FGGA0010_E003,غزة, ,3216.16378959,مناطق حصر جديدة,,146.0,124,,,,,3216.1637895916665,541285.3071361743
86,غزة-البلاخية,GGA0010,INDAS_G016,FGGA0010_E004,غزة, ,2485.18373472,مناطق حصر جديدة,,219.0,606,,,,,2485.1837347249693,172865.59424230308
87,غزة-مخيم الشاطئ-مربع المسجد الغربي ومسجد التوحيد,GGA0010,INDAS_G017,FGGA0010_E005,غزة, ,2153.93799848,مناطق حصر جديدة,,683.0,1417,,,,,2153.9379984826196,207181.2028607322
88,غزة-مربع أبو حصيرة,GGA0008,INDAS_G021,FGGA0008_E016,غزة, ,2592.66092558,مناطق حصر جديدة,93.0,100.0,220,,,,,2592.6609255831368,212002.2237931284
89,غزة-الرمال الجنوبي,GGA0008,INDAS_G023,FGGA0008_E017,غزة, ,2561.7328138,قيد الحصر,3.0,150.0,585,2.0,1.0,2.0,سناء ريان,2561.7328137970726,288800.55350470194
90,غزة-مربع أنصار وعزبة الحمامية,GGA0007,INDAS_G031,FGGA0007_E008,غزة, ,2636.07770648,مناطق حصر جديدة,140.0,153.0,344,,,,,2636.0777064802623,345864.00866895315
91,غزة-مربع مجلس الوزراء,GGA0007,INDAS_G040,FGGA0007_E009,غزة, ,2555.90597804,مناطق حصر جديدة,,247.0,886,,,,,2555.905978036295,285292.614026014
92,غزة-مربع مسجد السلام وأرض الريس,GGA0006,INDAS_G034,FGGA0006_E010,غزة, ,1572.76840207,قيد الحصر,49.0,162.0,476,30.0,1.0,2.0,سناء ريان,1572.7684020690413,150999.14698237288
93,خانيونس-مربع مدينة حمد,KQA0001,INDAS_K006,FKQA0001_E003,خانيونس, ,3139.23404153,قيد الحصر,103.0,121.0,2324,85.0,,,,3139.234041534451,376383.0370689409
94,الوسطى-دير البلح-مربع مسجد الأبرار,MDB0003,INDAS_M012,FMDB0003_E005,الوسطى, ,3985.45598872,مناطق حصر جديدة,0.0,119.0,39,,,,,3985.4559887169103,891275.0811456366
95,الوسطى-دير البلح-مربع أم ظهير ومسجد الرياطي,MDB0003,INDAS_M015,FMDB0003_E006,الوسطى, ,4957.86660092,مناطق حصر جديدة,0.0,142.0,79,,,,,4957.866600923651,1392021.1596291827
96,الوسطى-وادي السلقا-مربع الجعفراوي ومربع حارة السعايدة والشرطة,MDB0003,INDAS_M016,FMDB0003_E007,الوسطى, ,3974.75132885,مناطق حصر جديدة,0.0,402.0,315,,,,,3974.751328845598,869468.915616957
97,خانيونس-مربع إسكان الياباني,KKY0007,INDAS_K005,FKKY0007_E006,خانيونس, ,8890.11885567,مناطق حصر جديدة,,185.0,122,,,,,8890.11885567262,1668736.1268051402
98,خانيونس-البركة,KKY0007,INDAS_K003,FKKY0007_E007,خانيونس, ,5427.14055627,مناطق حصر جديدة,,92.0,69,,,,,5427.140556271403,1436752.168218619
99,الوسطى-دير البلح-مربع المشاعلة الشرقي ومربع مسجد البركة,MDB0003,INDAS_M011,FMDB0003_E008,الوسطى, ,3242.27668077,مناطق حصر جديدة,0.0,247.0,191,,,,,3242.276680771238,651410.3398298267
100,غزة-مربع جامعة القدس المفتوحة,GGA0010,INDAS_G054,FGGA0010_E006,غزة, ,2442.90128349,مناطق حصر جديدة,39.0,285.0,1227,,,,,2442.901283494071,253882.78351089978
101,الشمال-الكرامة,NJA0005,INDAS_N002,FNJA0005_E012,الشمال,مربع ليالينا ومربع مبنى السفينة,2349.63694278,مناطق حصر جديدة,,,603,,,,,2349.636942784204,274689.5517826743
102,مربع مدرسة عوني الحرثاني و مصنع أبو حمرة,NJA0005,INDAS_N003,FNJA0005_E013,الشمال, ,1731.60883351,مناطق حصر جديدة,33.0,164.0,564,,,,,1731.6088335148402,107500.78406686455
103,مربع مدرسة عوني الحرثاني و مصنع أبو حمرة,NJA0005,INDAS_N003,FNJA0005_E014,الشمال, ,1746.08165901,مناطق حصر جديدة,9.0,123.0,339,,,,جنين  ريان,1746.081659012805,153140.0419301286
104,مربع أبراج الكرامة ومربع مسجد عيسى مراد,NJA0005,INDAS_N004,FNJA0005_E015,الشمال, ,1976.73593515,مناطق حصر جديدة,27.0,161.0,828,,,,,1976.735935148272,170269.70562058222
105,الشمال- مربع الصفطاوي,NJA0005,INDAS_N006,FNJA0005_E016,الشمال, ,1033.583629,تم الانتهاء,39.0,46.0,212,85.0,1.0,,جنين  ريان,1033.5836289958033,62276.46354918018
106,الشمال- مربع الصفطاوي,NJA0005,INDAS_N006,FNJA0005_E017,الشمال, ,992.411521098,قيد الحصر,4.0,159.0,424,,1.0,2.0,جنين  ريان,992.4115210976896,52330.62758099067
107,الشمال- مربع الصفطاوي,NJA0005,INDAS_N006,FNJA0005_E018,الشمال, ,1064.68780989,تم الانتهاء,,,192,,,,جنين  ريان,1064.6878098858149,62506.6815750107
108,الشمال-عباد الرحمن-مربع مدرسة أسامة بن زيد,NJA0005,INDAS_N005,FNJA0005_E019,الشمال, ,1055.51425621,قيد الحصر,,,239,,1.0,2.0,جنين  ريان,1055.5142562138267,59988.0930101114
109,الشمال-عباد الرحمن-مربع مدرسة أسامة بن زيد,NJA0005,INDAS_N005,FNJA0005_E020,الشمال, ,1589.94170441,مناطق حصر جديدة,3.0,173.0,259,,,,,1589.9417044068703,74855.90763048825
110,الشمال-عباد الرحمن,NJA0005,INDAS_N001,FNJA0005_E006,الشمال,المنطقة ارض الشنطي الواقعة بين دوار الصاروخ ومفترق الامن العام ومفترق برج الاندلس,1981.12733202,تم الانتهاء,93.0,96.0,178,97.0,1.0,,جنين  ريان,1981.1273320239497,196271.28040587288
111,الشمال-عباد الرحمن,NJA0005,INDAS_N001,FNJA0005_E001,الشمال,المنطقة ارض الشنطي الواقعة بين دوار الصاروخ ومفترق الامن العام ومفترق برج الاندلس,1877.76381428,قيد الحصر,145.0,192.0,394,76.0,1.0,2.0,جنين  ريان,1877.7638142788642,156127.8774245881
112,الشمال-عباد الرحمن,NJA0005,INDAS_N001,FNJA0005_E005,الشمال,المنطقة ارض الشنطي الواقعة بين دوار الصاروخ ومفترق الامن العام ومفترق برج الاندلس,1510.01312947,تم الانتهاء,141.0,141.0,377,100.0,,,جنين  ريان,1510.013129471228,123341.43463801024
113,الشمال-عباد الرحمن,NJA0005,INDAS_N001,FNJA0005_E003,الشمال,المنطقة ارض الشنطي الواقعة بين دوار الصاروخ ومفترق الامن العام ومفترق برج الاندلس,1263.72108508,تم الانتهاء,133.0,133.0,383,100.0,,,جنين  ريان,1263.7210850753427,87667.7129684496
114,الشمال-عباد الرحمن,NJA0005,INDAS_N001,FNJA0005_E004,الشمال,المنطقة ارض الشنطي الواقعة بين دوار الصاروخ ومفترق الامن العام ومفترق برج الاندلس,1390.1378062,قيد الحصر,97.0,123.0,418,79.0,1.0,2.0,جنين  ريان,1390.1378061970674,106338.89431580453
115,غزة-الشيخ رضوان,GGA0009,INDAS_G002,FGGA0009_E001,غزة,المنطقة بين الشارع الاول والتاني ويمتد من مفترق الشيخ رضوان مع الجلاء وصولا لشارع النصر بين مفترق بهلول ومفترق النادي الاهلي,1412.4113545,تم الانتهاء,161.0,175.0,670,92.0,0.0,,سامر وهبة,1412.411354497139,96848.97101521082
116,غزة-الشيخ رضوان,GGA0009,INDAS_G002,FGGA0009_E003,غزة,المنطقة بين الشارع الاول والتاني ويمتد من مفترق الشيخ رضوان مع الجلاء وصولا لشارع النصر بين مفترق بهلول ومفترق النادي الاهلي,1247.21161456,تم الانتهاء,162.0,171.0,602,95.0,,,سامر وهبة,1247.2116145611803,81463.38654173102
117,غزة-مربع مستشفى العيون ومدرسة النصر,GGA0009,INDAS_G012,FGGA0009_E010,غزة, ,1358.04952191,مناطق حصر جديدة,146.0,151.0,526,,,,,1358.0495219116913,107135.05652832375
118,غزة-مربع مستشفى العيون ومدرسة النصر,GGA0009,INDAS_G012,FGGA0009_E011,غزة, ,1317.28017878,مناطق حصر جديدة,0.0,123.0,216,,,,,1317.280178784067,101279.71373837495
119,غزة-المنطقة التي تجمع بين مربع الجسر -عيادة وكالة الشيخ رضوان - مربع القسطل-مربع مسجد حطين,GGA0009,INDAS_G013,FGGA0009_E012,غزة, ,1482.31107452,قيد الحصر,,,565,,,,سامر وهبة,1482.3110745218057,137320.62852812101
120,غزة-المنطقة التي تجمع بين مربع الجسر -عيادة وكالة الشيخ رضوان - مربع القسطل-مربع مسجد حطين,GGA0009,INDAS_G013,FGGA0009_E013,غزة, ,1625.61730255,قيد الحصر,,,729,,1.0,2.0,سامر وهبة,1625.6173025501244,163424.53120623666
121,غزة-المنطقة التي تجمع بين مربع الجسر -عيادة وكالة الشيخ رضوان - مربع القسطل-مربع مسجد حطين,GGA0009,INDAS_G013,FGGA0009_E014,غزة, ,1240.47517887,قيد الحصر,28.0,177.0,828,16.0,1.0,2.0,سامر وهبة,1240.4751788694296,91459.18143342395
122,غزة-مربع أبو علبة ومسجد اليرموك,GGA0005,INDAS_G052,FGGA0005_E006,غزة, ,1364.71919417,قيد الحصر,51.0,226.0,661,23.0,1.0,3.0,سامر وهبة,1364.7191941679218,107551.44762400884
123,غزة-مربع عزبة عبد العال,GGA0005,INDAS_G014,FGGA0005_E007,غزة, ,1495.57103637,مناطق حصر جديدة,62.0,183.0,525,,,,,1495.5710363698445,119107.77304089835
124,غزة-مربع نادي الهلال الرياضي,GGA0005,INDAS_G015,FGGA0005_E008,غزة, ,1812.79867323,مناطق حصر جديدة,,283.0,769,,,,,1812.7986732325696,148936.08046051118
125,غزة-مربع الزهارنة ومربع المشاهرة,GGA0005,INDAS_G020,FGGA0005_E009,غزة, ,2227.09138585,مناطق حصر جديدة,,356.0,620,,,,,2227.0913858506633,277739.035433384
126,غزة-مربع مدرسة موسى بن نصير,GGA0005,INDAS_G050,FGGA0005_E010,غزة, ,1653.23942554,مناطق حصر جديدة,,209.0,450,,,,,1653.2394255365084,138925.80243845744
127,غزة-مربع مدرسة موسى بن نصير,GGA0005,INDAS_G050,FGGA0005_E011,غزة, ,1081.87349205,مناطق حصر جديدة,,62.0,177,,,,,1081.8734920514892,51010.68839301925
128,غزة-مربع مدرسة موسى بن نصير,GGA0005,INDAS_G050,FGGA0005_E012,غزة, ,979.5466293,مناطق حصر جديدة,,96.0,354,,,,,979.5466292997296,54735.75913850548
129,غزة-مربع فهمي الجرجاوي والفواخير,GGA0006,INDAS_G029,FGGA0006_E011,غزة, ,921.882323875,مناطق حصر جديدة,,132.0,302,,,,,921.8823238746949,43729.05296724707
130,غزة-مربع فهمي الجرجاوي والفواخير,GGA0006,INDAS_G029,FGGA0006_E012,غزة, ,1750.40737956,مناطق حصر جديدة,,275.0,822,,,,,1750.4073795639813,157918.9488402803
131,غزة-مربع فهمي الجرجاوي والفواخير,GGA0006,INDAS_G029,FGGA0006_E013,غزة, ,1692.11173517,مناطق حصر جديدة,,168.0,621,,,,,1692.1117351749551,156505.26741831095
132,غزة-مربع مكتبة البلدية العامة ومربع أبو خضرة,GGA0006,INDAS_G027,FGGA0006_E014,غزة, ,2950.47936697,مناطق حصر جديدة,,292.0,1578,,,,,2950.4793669676187,341044.37909195246
133,غزة-مربع مكتبة البلدية العامة ومربع أبو خضرة,GGA0006,INDAS_G027,FGGA0006_E015,غزة, ,2429.16908456,مناطق حصر جديدة,,298.0,618,,,,,2429.1690845592157,278489.7540747313
134,غزة-مربع ملعب فلسطين ومربع برج الشوا والحصري,GGA0008,INDAS_G026,FGGA0008_E018,غزة, ,2247.66613786,قيد الحصر,,,265,,,,سامر وهبة,2247.666137864669,214028.86355197206
135,غزة-الرمال الشمالي-مربع فلسطين,GGA0008,INDAS_G003,FGGA0008_E008,غزة,المنطقة بين شارع الجلاء مفترق الغفري الى محطة البربري وبين شارع النصر من مسجد الحبيب محمد الى محلات البسمة,1723.58057817,قيد الحصر,88.0,216.0,583,41.0,1.0,2.0,سامر وهبة,1723.5805781670815,176276.17674503764
136,غزة-الرمال الشمالي-مربع فلسطين,GGA0008,INDAS_G003,FGGA0008_E010,غزة,المنطقة بين شارع الجلاء مفترق الغفري الى محطة البربري وبين شارع النصر من مسجد الحبيب محمد الى محلات البسمة,1917.88845255,قيد الحصر,,,26,,1.0,2.0,سامر وهبة,1917.8884525476883,208760.3270706234
137,غزة-الرمال الشمالي-مربع فلسطين,GGA0008,INDAS_G003,FGGA0008_E007,غزة,المنطقة بين شارع الجلاء مفترق الغفري الى محطة البربري وبين شارع النصر من مسجد الحبيب محمد الى محلات البسمة,1711.88243846,تم الانتهاء,209.0,224.0,520,93.0,,,سامر وهبة,1711.8824384638856,173286.51062993257
138,غزة-مربع أبراج المقوسي وأبراج المخابرات,GGA0009,INDAS_G008,FGGA0009_E015,غزة, ,2119.61998392,مناطق حصر جديدة,,337.0,948,,,,,2119.6199839182614,244741.7094290507
139,غزة-مربع أبراج الفيروز ومربع برج نجم,GGA0010,INDAS_G011,FGGA0010_E007,غزة, ,1788.04292541,مناطق حصر جديدة,,196.0,803,,,,,1788.0429254148316,176798.94544427862
140,غزة-مربع أبراج الفيروز ومربع برج نجم,GGA0010,INDAS_G011,FGGA0010_E008,غزة, ,1735.93288342,مناطق حصر جديدة,,185.0,928,,,,,1735.9328834184175,159406.70111874407
141,غزة-مربع أبراج الفيروز ومربع برج نجم,GGA0010,INDAS_G011,FGGA0010_E009,غزة, ,1928.59691637,مناطق حصر جديدة,,183.0,858,,,,,1928.5969163747882,172827.6961290834
142,غزة-مربع جامعة القدس المفتوحة,GGA0010,INDAS_G054,FGGA0010_E010,غزة, ,2420.98286819,مناطق حصر جديدة,,242.0,746,,,,,2420.982868187729,190490.20705808557
143,غزة-الزيتون-مربع مسجد علي بن ابي طالب ومنطقة السموني,GZA0004,INDAS_G047,FGZA0004_E008,غزة, ,2849.76423169,مناطق حصر جديدة,,84.0,83,,,,,2849.7642316884844,295748.1856989569
144,غزة-الزيتون-مربع مسجد علي بن ابي طالب ومنطقة السموني,GZA0004,INDAS_G047,FGZA0004_E009,غزة, ,2194.51223554,مناطق حصر جديدة,,243.0,430,,,,,2194.512235539784,219048.0684557038
145,غزة-الزيتون-مربع مسجد علي بن ابي طالب ومنطقة السموني,GZA0004,INDAS_G047,FGZA0004_E010,غزة, ,2783.193128,مناطق حصر جديدة,,170.0,125,,,,,2783.1931279970527,352941.4103511576
146,غزة-مربع النديم,GGA0002,INDAS_G044,FGGA0002_E008,غزة, ,2412.93102466,مناطق حصر جديدة,272.0,318.0,663,,,,,2412.9310246579394,274329.86682732427
147,غزة-مربع النديم,GGA0002,INDAS_G044,FGGA0002_E009,غزة, ,1779.31408023,مناطق حصر جديدة,131.0,283.0,506,,,,,1779.3140802343728,185730.92887437518
148,غزة-الزيتون مربع الدحدوح والقرية البدوية,GZA0004,INDAS_G046,FGZA0004_E011,غزة, ,3789.63043946,مناطق حصر جديدة,242.0,502.0,487,,,,,3789.630439461483,647806.4667845358
149,غزة-الزيتون مربع الدحدوح والقرية البدوية,GZA0004,INDAS_G046,FGZA0004_E012,غزة, ,3284.20177234,مناطق حصر جديدة,,295.0,490,,,,,3284.20177234255,475296.4436228749
150,غزة-الزيتون مربع الدحدوح والقرية البدوية,GZA0004,INDAS_G046,FGZA0004_E013,غزة, ,3484.90708363,مناطق حصر جديدة,,119.0,62,,,,,3484.9070836304018,628136.9861175318
151,غزة-مربع أبراج تل الهوى,GGA0007,INDAS_G042,FGGA0007_E010,غزة, ,1819.43506996,مناطق حصر جديدة,,164.0,335,,,,,1819.4350699593701,174586.09798188027
152,غزة-مربع أبراج تل الهوى,GGA0007,INDAS_G042,FGGA0007_E011,غزة, ,1676.50674379,مناطق حصر جديدة,,60.0,526,,,,,1676.5067437914895,137842.25126133338
153,غزة-مربع أبراج تل الهوى,GGA0007,INDAS_G042,FGGA0007_E012,غزة, ,1662.21425887,مناطق حصر جديدة,37.0,98.0,904,,,,,1662.2142588701533,132066.714147799
154,غزة-المنطقة الواقعة بين مربع مسجد الشمعة ومربع كشكو,GGA0002,INDAS_G039,FGGA0002_E010,غزة, ,1867.97206834,مناطق حصر جديدة,,185.0,522,,,,,1867.9720683432358,97337.78399228699
155,غزة-المنطقة الواقعة بين مربع مسجد الشمعة ومربع كشكو,GGA0002,INDAS_G039,FGGA0002_E011,غزة, ,2325.68390233,مناطق حصر جديدة,,306.0,767,,,,,2325.68390232619,177399.82125699977
156,غزة-مربع البرهام,GGA0002,INDAS_G038,FGGA0002_E012,غزة, ,1916.15153867,مناطق حصر جديدة,67.0,403.0,1031,,,,,1916.1515386709382,188819.02567497574
157,غزة-مربع سوق فراس ومستشفى المعمداني,GGA0002,INDAS_G030,FGGA0002_E013,غزة, ,2136.55820694,مناطق حصر جديدة,,265.0,614,,,,,2136.5582069435413,218651.522980326
158,غزة-مربع عسقولة,GGA0002,INDAS_G037,FGGA0002_E014,غزة, ,1271.7757399,مناطق حصر جديدة,52.0,192.0,416,,,,,1271.7757399046784,66306.7327351048
159,غزة-مربع عسقولة,GGA0002,INDAS_G037,FGGA0002_E015,غزة, ,2011.1761721,مناطق حصر جديدة,155.0,256.0,614,,,,,2011.1761721022185,126505.42614791806
160,غزة-مربع عسقولة,GGA0002,INDAS_G037,FGGA0002_E016,غزة, ,1483.28546903,مناطق حصر جديدة,52.0,105.0,269,,,,,1483.285469033521,76675.07549940424
161,غزة-مربع عمو عماد ومربع مركز صحي الصبرة,GGA0002,INDAS_G036,FGGA0002_E017,غزة, ,1397.53332669,مناطق حصر جديدة,,138.0,389,,,,,1397.533326686557,87450.8652994906
162,غزة-مربع عمو عماد ومربع مركز صحي الصبرة,GGA0002,INDAS_G036,FGGA0002_E018,غزة, ,1848.63231411,مناطق حصر جديدة,81.0,239.0,576,,,,,1848.6323141118808,145764.66292428618
163,غزة-مربع عبدالله عزام وبيارة الدهشان,GGA0006,INDAS_G035,FGGA0006_E016,غزة, ,2069.63705241,مناطق حصر جديدة,103.0,258.0,513,,,,,2069.6370524097733,160944.85586147915
164,غزة-مربع عبدالله عزام وبيارة الدهشان,GGA0006,INDAS_G035,FGGA0006_E017,غزة, ,1764.38993338,مناطق حصر جديدة,95.0,345.0,961,,,,,1764.389933384457,171884.2098346432
165,غزة-تل الهوى-المستشفى الأردني,GGA0007,INDAS_G005,FGGA0007_E001,غزة,المنطقة بين شارع الصناعة مطعم الأصيل الى شارع المغربي  وصولا الى برشلونة,2184.50680808,قيد الحصر,92.0,143.0,278,64.0,1.0,3.0,سناء ريان,2184.506808077471,205024.79585355608
166,غزة-تل الهوى-المستشفى الأردني,GGA0007,INDAS_G005,FGGA0007_E002,غزة,المنطقة بين شارع الصناعة مطعم الأصيل الى شارع المغربي  وصولا الى برشلونة,2111.88720673,تم الانتهاء,160.0,168.0,396,95.0,1.0,,سامر وهبة,2111.8872067296556,166045.11824203958
167,غزة-مربع مسجد السلام وأرض الريس,GGA0006,INDAS_G034,FGGA0006_E018,غزة, ,1793.75771782,قيد الحصر,98.0,139.0,509,71.0,1.0,2.0,سناء ريان,1793.7577178206225,133432.2089528804
168,غزة-مربع مسجد السلام وأرض الريس,GGA0006,INDAS_G034,FGGA0006_E019,غزة, ,1130.73372587,قيد الحصر,54.0,138.0,396,39.0,1.0,2.0,سناء ريان,1130.733725867008,85477.67028494713
169,غزة-مربع مسجد السلام وأرض الريس,GGA0006,INDAS_G034,FGGA0006_E020,غزة, ,1469.10018286,تم الانتهاء,103.0,107.0,306,96.0,,,سامر وهبة,1469.1001828566368,111807.2345721575
170,غزة-مربع شملخ ومسجد مصعب بن عمير,GZA0004,INDAS_G045,FGZA0004_E014,غزة, ,3300.21530916,مناطق حصر جديدة,,167.0,484,,,,,3300.2153091639557,293093.5885768254
171,غزة-مربع مجلس الوزراء,GGA0007,INDAS_G040,FGGA0007_E013,غزة, ,2585.61320016,مناطق حصر جديدة,,11.0,0,,,,,2585.613200158043,181286.6405296201
172,غزة-مربع مجلس الوزراء,GGA0007,INDAS_G040,FGGA0007_E014,غزة, ,2212.53937153,مناطق حصر جديدة,,170.0,347,,,,,2212.539371534127,260224.83630292845
173,غزة-مربع مسجد الفلاح,GGA0007,INDAS_G041,FGGA0007_E015,غزة, ,2196.45892861,قيد الحصر,54.0,169.0,696,32.0,1.0,4.0,سناء ريان,2196.4589286099504,184710.0667451988
174,غزة-مربع أنصار وعزبة الحمامية,GGA0007,INDAS_G031,FGGA0007_E016,غزة, ,3322.19205664,مناطق حصر جديدة,,28.0,0,,,,,3322.192056642634,336158.122427808
175,غزة-مربع أنصار وعزبة الحمامية,GGA0007,INDAS_G031,FGGA0007_E017,غزة, ,2346.64053468,مناطق حصر جديدة,,190.0,1129,,,,,2346.6405346841666,266961.2466109955
176,غزة-مربع الكتيبة,GGA0007,INDAS_G032,FGGA0007_E018,غزة, ,2376.0623027,قيد الحصر,59.0,173.0,896,34.0,1.0,2.0,سناء ريان,2376.0623027026245,276980.54860197654
177,غزة-مربع الجامعات ومربع الاذاعة والتلفزيون القديم,GGA0007,INDAS_G033,FGGA0007_E019,غزة, ,1924.04893566,قيد الحصر,131.0,193.0,585,68.0,1.0,3.0,سناء ريان,1924.0489356625883,221580.70754943052
178,غزة-مربع الجامعات ومربع الاذاعة والتلفزيون القديم,GGA0007,INDAS_G033,FGGA0007_E020,غزة, ,2013.7986786,مناطق حصر جديدة,,,49,,,,,2013.7986785975613,178655.00060764694
179,غزة-الشهداء,GGA0008,INDAS_G024,FGGA0008_E019,غزة, ,1889.14427685,قيد الحصر,64.0,140.0,410,46.0,1.0,2.0,سناء ريان,1889.1442768543468,190883.86250247483
180,غزة-الرمال الجنوبي,GGA0008,INDAS_G023,FGGA0008_E020,غزة, ,2445.08679982,قيد الحصر,30.0,129.0,640,23.0,1.0,2.0,سناء ريان,2445.086799819836,184596.72084659289
181,غزة-مربع الميناء,GGA0008,INDAS_G022,FGGA0008_E021,غزة, ,1123.87542174,مناطق حصر جديدة,,110.0,202,,,,,1123.875421737972,84004.60259018574
182,غزة-مربع أبو حصيرة,GGA0008,INDAS_G021,FGGA0008_E022,غزة, ,1521.84342535,مناطق حصر جديدة,,243.0,625,,,,,1521.8434253525302,142252.60873447137
183,غزة-مخيم الشاطئ-مربع المسجد الغربي ومسجد التوحيد,GGA0010,INDAS_G017,FGGA0010_E011,غزة, ,2268.03581558,مناطق حصر جديدة,,286.0,581,,,,,2268.0358155750037,161832.1127421706
184,غزة-مخيم الشاطئ-مربع المسجد الغربي ومسجد التوحيد,GGA0010,INDAS_G017,FGGA0010_E012,غزة, ,1409.11660596,مناطق حصر جديدة,,475.0,888,,,,,1409.1166059581324,112628.10478878039
185,غزة-شرق مخيم الشاطئ,GGA0010,INDAS_G018,FGGA0010_E013,غزة, ,1836.77297513,مناطق حصر جديدة,,467.0,1109,,,,,1836.7729751256525,132451.40080098514
186,غزة-شرق مخيم الشاطئ,GGA0010,INDAS_G018,FGGA0010_E014,غزة, ,1617.7035688,مناطق حصر جديدة,,442.0,1116,,,,,1617.7035688046108,139587.7908059328
187,غزة-البلاخية,GGA0010,INDAS_G016,FGGA0010_E015,غزة, ,1363.47179591,مناطق حصر جديدة,,129.0,476,,,,,1363.4717959050545,91286.35456008097
188,غزة-الشاطئ الشمالي,GGA0010,INDAS_G007,FGGA0010_E016,غزة, ,1582.75421723,مناطق حصر جديدة,,344.0,663,,,,,1582.7542172294459,95462.74893546589
189,غزة-الشاطئ الشمالي,GGA0010,INDAS_G007,FGGA0010_E017,غزة, ,2011.7551711,مناطق حصر جديدة,,443.0,1001,,,,,2011.7551711011436,136213.4422134998
190,غزة-الشاطئ الشمالي,GGA0010,INDAS_G007,FGGA0010_E018,غزة, ,1696.18849625,مناطق حصر جديدة,,400.0,790,,,,,1696.1884962496506,131942.74961419508
191,غزة-مربع عايدية ومربع كرم مصلحة,GGA0008,INDAS_G019,FGGA0008_E023,غزة, ,2056.9822844,مناطق حصر جديدة,,294.0,910,,,,,2056.9822843981783,200563.55170618484
192,غزة-منطقة الشفاء,GGA0008,INDAS_G001,FGGA0008_E001,غزة,المنطقة محيط مجمع الشفاء,1263.68367518,تم الانتهاء,141.0,141.0,401,100.0,,,سامر وهبة,1263.6836751816409,88911.80353192695
193,غزة-منطقة الشفاء,GGA0008,INDAS_G001,FGGA0008_E004,غزة,المنطقة محيط مجمع الشفاء,1459.28312816,تم الانتهاء,69.0,71.0,170,97.0,,,سامر وهبة,1459.2831281641038,117838.70431585357
194,غزة-منطقة الشفاء,GGA0008,INDAS_G001,FGGA0008_E005,غزة,المنطقة محيط مجمع الشفاء,845.439804195,تم الانتهاء,76.0,76.0,357,99.98,,,سامر وهبة,845.4398041945462,44990.79537939541
195,غزة-منطقة الشفاء,GGA0008,INDAS_G001,FGGA0008_E003,غزة,المنطقة محيط مجمع الشفاء,1450.42408795,تم الانتهاء,82.0,82.0,274,100.0,,,سامر وهبة,1450.4240879467352,109178.59662130645
196,غزة-منطقة الشفاء,GGA0008,INDAS_G001,FGGA0008_E002,غزة,المنطقة محيط مجمع الشفاء,1136.60774794,تم الانتهاء,105.0,105.0,403,100.0,,,سامر وهبة,1136.6077479350058,74789.01248741886
197,غزة-الرمال الجنوبي-ابو الكاس,GGA0006,INDAS_G004,FGGA0006_E004,غزة,المنطقة بين بداية شارع الشهداء  الى (اصدقاء المريض) وشارع جمال عبد الناصر من مفترق الطيران الى مفترق الجامعة الاسلامية,1187.66928617,تم الانتهاء,89.0,89.0,352,100.0,,,سامر وهبة,1187.6692861709466,78603.5138923652
198,غزة-الرمال الجنوبي-ابو الكاس,GGA0006,INDAS_G004,FGGA0006_E001,غزة,المنطقة بين بداية شارع الشهداء  الى (اصدقاء المريض) وشارع جمال عبد الناصر من مفترق الطيران الى مفترق الجامعة الاسلامية,1140.2185593,تم الانتهاء,77.0,85.0,230,91.0,,,سامر وهبة,1140.2185592993853,73784.51010494425
199,غزة-الرمال الجنوبي-ابو الكاس,GGA0006,INDAS_G004,FGGA0006_E003,غزة,المنطقة بين بداية شارع الشهداء  الى (اصدقاء المريض) وشارع جمال عبد الناصر من مفترق الطيران الى مفترق الجامعة الاسلامية,1251.67615631,تم الانتهاء,84.0,85.0,214,99.0,,,سامر وهبة,1251.676156313265,77183.15307143478
200,غزة-مربع الخدمة العامة والقصاصين,GGA0006,INDAS_G028,FGGA0006_E021,غزة, ,1994.5209788,مناطق حصر جديدة,,,711,,,,,1994.5209788031177,211607.14530301173
201,غزة-مدينة الزهراء,GZA0004,INDAS_G006,FGZA0004_E001,غزة,المنطقة بين قصر العدل ومجمع السلامة الطبي  الى شارع الرشيد,2706.517442,مناطق حصر جديدة,,138.0,1369,,,,,2706.517441995224,398637.00132877525
202,غزة-منطقة أبو مدين ومنطقة عزبة الحمامية,GZA0004,INDAS_G049,FGZA0004_E015,غزة, ,6821.02202062,مناطق حصر جديدة,,460.0,513,,,,,6821.022020622434,1217051.204760279
203,الوسطى-النصيرات-مربع أرض أبو شمالة ومركز رعاية النصيرات,MNU0002,INDAS_M003,FMNU0002_E013,الوسطى, ,3708.89224165,قيد الحصر,,,632,,,,فاطمة جبر,3708.892241652065,421287.2132163385
204,الوسطى-النصيرات-مربع أراضي (أبو غولة-أبو مهادي-اللوح-أبو زكري),MNU0002,INDAS_M002,FMNU0002_E014,الوسطى, ,4482.08367559,مناطق حصر جديدة,0.0,419.0,620,,,,,4482.083675589736,887358.4598621905
205,الوسطى-النصيرات-المنطقة الواقعة من أرض المصنع الى أبراج عين جالوت,MNU0002,INDAS_M009,FMNU0002_E015,الوسطى, ,3291.15933432,مناطق حصر جديدة,0.0,347.0,911,,,,,3291.159334322562,314420.5563699266
206,الوسطى-النصيرات-المنطقة الواقعة من أرض المصنع الى أبراج عين جالوت,MNU0002,INDAS_M009,FMNU0002_E016,الوسطى, ,2642.38912782,مناطق حصر جديدة,0.0,220.0,252,,,,,2642.3891278187666,357235.223601048
207, H الوسطى-النصيرات-منطقة بيارة أبو سليم الشرقية وبلوك,MNU0002,INDAS_M008,FMNU0002_E017,الوسطى, ,1825.21311388,مناطق حصر جديدة,0.0,216.0,446,,,,,1825.2131138797477,194954.90641384354
208, H الوسطى-النصيرات-منطقة بيارة أبو سليم الشرقية وبلوك,MNU0002,INDAS_M008,FMNU0002_E018,الوسطى, ,2634.95916143,مناطق حصر جديدة,0.0,372.0,876,,,,,2634.9591614283518,191063.4010014082
209,الوسطى-النصيرات-مربع أرض أبو مراحيل ومخيم 1 ومربع مسجد الفرج,MNU0002,INDAS_M007,FMNU0002_E019,الوسطى, ,1582.56818825,مناطق حصر جديدة,0.0,205.0,523,,,,,1582.568188248595,109531.48147889682
210,الوسطى-النصيرات-مربع أرض أبو مراحيل ومخيم 1 ومربع مسجد الفرج,MNU0002,INDAS_M007,FMNU0002_E020,الوسطى, ,1620.91677781,مناطق حصر جديدة,0.0,112.0,201,,,,,1620.9167778079236,123880.798805261
211,الوسطى-النصيرات-مربع أرض أبو مراحيل ومخيم 1 ومربع مسجد الفرج,MNU0002,INDAS_M007,FMNU0002_E021,الوسطى, ,1235.93780775,مناطق حصر جديدة,0.0,187.0,459,,,,,1235.9378077478589,78027.68313718963
212,الوسطى-النصيرات-مربع أرض الدعوة و المحكمة الشرعية,MNU0002,INDAS_M004,FMNU0002_E022,الوسطى, ,2083.93044167,مناطق حصر جديدة,0.0,336.0,1055,,,,,2083.9304416723485,190970.87380688003
213,الوسطى-النصيرات-مربع أرض الدعوة و المحكمة الشرعية,MNU0002,INDAS_M004,FMNU0002_E023,الوسطى, ,2142.5523886,قيد الحصر,0.0,358.0,807,,1.0,2.0,فاطمة جبر,2142.5523885977254,141649.4148911495
214,الوسطى-النصيرات-مربع أرض الدعوة و المحكمة الشرعية,MNU0002,INDAS_M004,FMNU0002_E024,الوسطى, ,3795.85772711,قيد الحصر,,,480,,1.0,2.0,فاطمة جبر,3795.857727113826,734932.038217297
215,الوسطى-النصيرات-مربع أراضي (مطر والحرثاني وأبو عريبان),MNU0002,INDAS_M006,FMNU0002_E025,الوسطى, ,1311.34989367,مناطق حصر جديدة,0.0,231.0,806,,,,,1311.349893668728,106348.70648030365
216,الوسطى--النصيرات-أرض المفتي,MNU0002,INDAS_M001,FMNU0002_E004,الوسطى,منطقة مربع المفتي والمخيم الجديد وارض ابو مهادي,1734.99831509,تم الانتهاء,272.0,273.0,428,100.0,,,فاطمة جبر,1734.998315092461,137427.37659012523
217,الوسطى--النصيرات-أرض المفتي,MNU0002,INDAS_M001,FMNU0002_E001,الوسطى,منطقة مربع المفتي والمخيم الجديد وارض ابو مهادي,1939.01212219,قيد الحصر,131.0,182.0,434,72.0,1.0,2.0,فاطمة جبر,1939.0121221869122,169568.75894169076
218,الوسطى--النصيرات-أرض المفتي,MNU0002,INDAS_M001,FMNU0002_E003,الوسطى,منطقة مربع المفتي والمخيم الجديد وارض ابو مهادي,1671.39923837,قيد الحصر,242.0,356.0,524,68.0,1.0,2.0,فاطمة جبر,1671.3992383736065,113538.85035228812
219,غزة-المغراقة,GZA0004,INDAS_G048,FGZA0004_E016,غزة, ,4146.73166396,مناطق حصر جديدة,,256.0,139,,,,,4146.731663955647,812552.0279485553
220,غزة-المغراقة,GZA0004,INDAS_G048,FGZA0004_E017,غزة, ,4208.98462504,مناطق حصر جديدة,,364.0,305,,,,,4208.984625038507,867624.69315083
221,غزة-المغراقة,GZA0004,INDAS_G048,FGZA0004_E018,غزة, ,3495.85170825,مناطق حصر جديدة,,392.0,399,,,,,3495.851708248389,614421.7180732512
222,غزة-المغراقة,GZA0004,INDAS_G048,FGZA0004_E019,غزة, ,4922.35099398,مناطق حصر جديدة,,329.0,424,,,,,4922.350993979802,757234.3172726118
223,الوسطى-دير البلح-مربع المشاعلة الغربي ومربع صالة سونستا للأفراح,MDB0003,INDAS_M010,FMDB0003_E009,الوسطى, ,3429.57387826,مناطق حصر جديدة,74.0,195.0,160,,,,,3429.5738782648455,690718.6138923608
224,الوسطى-دير البلح-مربع المشاعلة الشرقي ومربع مسجد البركة,MDB0003,INDAS_M011,FMDB0003_E010,الوسطى, ,3665.42221302,مناطق حصر جديدة,131.0,291.0,300,,,,,3665.4222130198846,609436.8659277199
225,الوسطى-دير البلح-مربع مسجد الأبرار,MDB0003,INDAS_M012,FMDB0003_E011,الوسطى, ,3712.81502579,مناطق حصر جديدة,,506.0,395,,,,,3712.815025790046,774526.7849403449
226,الوسطى-دير البلح-مربع أم ظهير ومسجد الرياطي,MDB0003,INDAS_M015,FMDB0003_E012,الوسطى, ,4533.35231891,مناطق حصر جديدة,95.0,369.0,291,,,,,4533.352318914066,1152279.8361070005
227,دير البلح-قصر أبو سليم,MDB0003,INDAS_M013,FMDB0003_E002,الوسطى,من شارع الحكر من جامع الفرقان الى ابو هولي,3111.58590985,تم الانتهاء,252.0,275.0,228,92.0,,,فاطمة جبر,3111.585909852342,413786.2159974037
228,الوسطى-دير البلح-مربع بوبع أرض القدرة وأبو هولي (الجعفراوي الغربي),MDB0003,INDAS_M014,FMDB0003_E013,الوسطى, ,3622.19015303,مناطق حصر جديدة,,410.0,315,,,,,3622.190153032477,748028.4494067552
229,الوسطى-وادي السلقا-مربع الجعفراوي ومربع حارة السعايدة والشرطة,MDB0003,INDAS_M016,FMDB0003_E014,الوسطى, ,4241.87235786,مناطق حصر جديدة,,366.0,212,,,,,4241.8723578559775,839008.2499826348
230,خانيونس-مربع أبراج الفرا والمنطقة المقابر,KKY0006,INDAS_K024,FKKY0006_E016,خانيونس, ,3143.22732176,مناطق حصر جديدة,,370.0,577,,,,,3143.22732175518,281335.0822732699
231,خانيونس-المعسكر-مربع كراج رفح البطن السمين ومربع صالة روان للأفراح,KKY0006,INDAS_K022,FKKY0006_E017,خانيونس, ,1801.41166489,قيد الحصر,,353.0,852,,1.0,2.0,أفنان  أبو جزر,1801.4116648876247,127965.34814086856
232,خانيونس-البلد,KKY0006,INDAS_K002,FKKY0006_E007,خانيونس,حانيونس البلد المنطقة الواقعة جنوب شارع البحر وشرق منتزة البلدية,1304.59246451,مناطق حصر جديدة,,,509,,,,,1304.5924645061152,83276.935909068
233,خانيونس-البلد,KKY0006,INDAS_K002,FKKY0006_E006,خانيونس,حانيونس البلد المنطقة الواقعة جنوب شارع البحر وشرق منتزة البلدية,1182.54544739,قيد الحصر,95.0,169.0,488,56.0,,,,1182.545447391109,74859.79016291849
234,خانيونس-البلد,KKY0006,INDAS_K002,FKKY0006_E005,خانيونس,حانيونس البلد المنطقة الواقعة جنوب شارع البحر وشرق منتزة البلدية,1109.64294611,قيد الحصر,,,415,,1.0,2.0,أفنان  أبو جزر,1109.6429461124883,63927.19264244917
235,خانيونس-مربع مركز المدينة 2 ومربع حارة الشاعر ومدرسة عبد الرحمن الأغا,KKY0004,INDAS_K023,FKKY0004_E003,خانيونس, ,2378.23877666,مناطق حصر جديدة,,,1073,,,,,2378.2387766551024,242881.37647693386
236,خانيونس-مربع مركز المدينة 1,KKY0004,INDAS_K020,FKKY0004_E004,خانيونس, ,1531.26227646,مناطق حصر جديدة,,210.0,600,,,,,1531.262276457634,111592.77376137307
237,خانيونس-المنطقة الواقعة بين مربع حارة المجايدة وحسني ومربع السيقلي والقسام,KKY0006,INDAS_K019,FKKY0006_E018,خانيونس, ,1484.15173798,مناطق حصر جديدة,,,521,,,,,1484.1517379846773,128248.49493438292
238,خانيونس-مربع شارع الترنس ومربع شارع القدرة,KKY0006,INDAS_K016,FKKY0006_E019,خانيونس, ,1217.89595535,مناطق حصر جديدة,,126.0,459,,,,,1217.8959553464135,63281.051093737406
239,خانيونس-المعسكر-مربع عيادة وكالة الظهرة ومربع بركة,KKY0007,INDAS_K017,FKKY0007_E008,خانيونس, ,1336.61860095,مناطق حصر جديدة,,329.0,623,,,,,1336.618600946408,109202.13802578815
240,خانيونس-المعسكر-مربع عيادة وكالة الظهرة ومربع بركة,KKY0007,INDAS_K017,FKKY0007_E009,خانيونس, ,1186.67447985,مناطق حصر جديدة,,162.0,604,,,,,1186.6744798514458,77718.42749000601
241,خانيونس-مربع مستشفى ناصر وأبراج النمساوي ومربع حارة المجادلة,KKY0007,INDAS_K021,FKKY0007_E010,خانيونس, ,2522.47485345,مناطق حصر جديدة,,,579,,,,,2522.47485344667,264744.19974224264
242,خانيونس-المعسكر-مربع الهلال الأحمر ومربع المدارس,KKY0006,INDAS_K018,FKKY0006_E020,خانيونس, ,2239.29140957,مناطق حصر جديدة,,,1268,,,,,2239.2914095707624,204813.2019036291
243,خانيونس-مربع مسجد أبو بكر الصديق,KKY0006,INDAS_K012,FKKY0006_E021,خانيونس, ,2234.69699962,مناطق حصر جديدة,,373.0,846,,,,,2234.6969996200805,288017.7165397841
244,خانيونس-مربع المحطة,KBS0002,INDAS_K014,FKBS0002_E003,خانيونس, ,2136.05866622,مناطق حصر جديدة,,299.0,548,,,,,2136.0586662166425,257142.02629180407
245,خانيونس-مربع المحطة,KBS0002,INDAS_K014,FKBS0002_E004,خانيونس, ,1923.99338069,مناطق حصر جديدة,,248.0,285,,,,,1923.9933806879199,166232.03738422395
246,خانيونس-المنطقة الواقعة بين كلية تدريب خانيونس والحي الياباني وحس البراق والاماراتي2,KKY0007,INDAS_K009,FKKY0007_E011,خانيونس, ,2609.69513467,مناطق حصر جديدة,,,242,,,,,2609.6951346677824,305237.86868853815
247,خانيونس-مربع المشروع الهولندي والاماراتي1,KKY0007,INDAS_K010,FKKY0007_E012,خانيونس, ,1450.52438269,مناطق حصر جديدة,,164.0,261,,,,,1450.5243826949088,105216.58016911289
248,خانيونس-حي الأمل,KKY0006,INDAS_K001,FKKY0006_E001,خانيونس,منطقة العرايشية-جنوب بركة المشروع  وفي الشرق من الاتحدا النسائي الى مسجد حسن البنا,1562.39084898,تم الانتهاء,180.0,184.0,362,98.0,,,أفنان  أبو جزر,1562.3908489792814,89708.0503272411
249,خانيونس-حي الأمل,KKY0006,INDAS_K001,FKKY0006_E002,خانيونس,منطقة العرايشية-جنوب بركة المشروع  وفي الشرق من الاتحدا النسائي الى مسجد حسن البنا,1071.56452094,قيد الحصر,,,370,,1.0,,أفنان  أبو جزر,1071.56452093702,64641.071535689305
250,خانيونس-مربع بركة حي الأمل والعرايشية مربع مسجد حسن البنا,KKY0006,INDAS_K011,FKKY0006_E022,خانيونس, ,1278.78027011,مناطق حصر جديدة,,138.0,313,,,,,1278.7802701052185,87467.57933029176
251,خانيونس-مربع مسجد الكتيبة ومربع الربوات العربية,KBS0002,INDAS_K013,FKBS0002_E005,خانيونس, ,3437.63695658,مناطق حصر جديدة,,,625,,,,,3437.636956580618,408908.88381191314
252,خانيونس-مربع مدرسة عيد الأغا وصالة بانوراما ومربع مسجد العباسي,KQA0001,INDAS_K008,FKQA0001_E004,خانيونس, ,4104.41942584,مناطق حصر جديدة,,413.0,413,,,,,4104.419425838747,738468.6271310407
253,خانيونس-مربع مدرسة عيد الأغا وصالة بانوراما ومربع مسجد العباسي,KQA0001,INDAS_K008,FKQA0001_E005,خانيونس, ,3952.34244769,مناطق حصر جديدة,,375.0,383,,,,,3952.342447688473,729518.0771714981
254,خانيونس-مربع محطة الأغا ومربع محطة عودة,KQA0001,INDAS_K007,FKQA0001_E006,خانيونس, ,4992.62496704,مناطق حصر جديدة,,369.0,390,,,,,4992.624967040759,791720.7475433444
255,خانيونس-المواصي-مربع محطة الأسطل للبترول,KKY0007,INDAS_K004,FKKY0007_E013,خانيونس, ,4999.64631346,مناطق حصر جديدة,,318.0,198,,,,,4999.646313455987,1161951.8691020284
256,خانيونس-البركة,KKY0007,INDAS_K003,FKKY0007_E014,خانيونس, ,5036.58163241,مناطق حصر جديدة,,156.0,86,,,,,5036.58163241308,1131679.5569060806
257,خانيونس-مربع إسكان الياباني,KKY0007,INDAS_K005,FKKY0007_E015,خانيونس, ,6426.37111352,مناطق حصر جديدة,,36.0,14,,,,,6426.371113522686,1625124.8602114383
258,غزة-مربع مقبرة الشيخ رضوان وبرج الايطالي,GGA0009,INDAS_G053,FGGA0009_E016,غزة, ,1953.58966218,قيد الحصر,13.0,221.0,775,6.0,1.0,3.0,سامر وهبة,1953.589662184018,232457.65575487958
259,غزة-المنطقة التي تجمع بين مربع الجسر -عيادة وكالة الشيخ رضوان - مربع القسطل-مربع مسجد حطين,GGA0009,INDAS_G013,FGGA0009_E017,غزة, ,1097.46650072,قيد الحصر,38.0,162.0,681,23.0,1.0,3.0,سامر وهبة,1097.466500718601,68581.07572713133
260,غزة-مربع عبدالله عزام وبيارة الدهشان,GGA0006,INDAS_G035,FGGA0006_E022,غزة, ,1404.01764406,مناطق حصر جديدة,,254.0,923,,,,,1404.0176440625391,97217.08508973487
261,غزة-مربع مسجد الكنز,GGA0008,INDAS_G025,FGGA0008_E024,غزة, ,1792.59881528,مناطق حصر جديدة,0.0,148.0,575,,,,,1792.5988152832,175253.37933810495
262,الوسطى-النصيرات-مخيم النصيرات,MNU0002,INDAS_M005,FMNU0002_E026,الوسطى, ,1667.7375492,قيد الحصر,67.0,246.0,550,27.0,1.0,,فاطمة جبر,1667.7375491976477,98571.09480765839
263,الوسطى-النصيرات-مربع أراضي (مطر والحرثاني وأبو عريبان),MNU0002,INDAS_M006,FMNU0002_E027,الوسطى, ,1313.42033326,مناطق حصر جديدة,62.0,128.0,509,,,,,1313.4203332619707,105088.07420254969
264,خانيونس-مربع مدينة حمد,KQA0001,INDAS_K006,FKQA0001_E007,خانيونس, ,1946.69281882,مناطق حصر جديدة,,,129,,,,,1946.6928188170755,162580.13623716414
